FantasyPlayerKey,PlayerID,Name,Team,Position,AverageDraftPosition,AverageDraftPositionPPR,ByeWeek,LastSeasonFantasyPoints,ProjectedFantasyPoints,AuctionValue,AuctionValuePPR,AverageDraftPositionIDP,AverageDraftPositionRookie,AverageDraftPositionDynasty,AverageDraftPosition2QB
18877,18877,Christian McCaffrey,CAR,RB,1.7000000000000002,1.7000000000000002,13.0,82.8,310.8,77,77,4.0,,,
18872,18872,Dalvin Cook,MIN,RB,3.2,3.2,7.0,331.4,298.9,71,69,19.0,,,
17959,17959,Derrick Henry,TEN,RB,3.4,4.6,13.0,354.3,302.4,70,60,46.0,,,
18878,18878,Alvin Kamara,NO,RB,5.3,4.8,6.0,332.5,257.6,59,60,3.0,,,
17923,17923,Ezekiel Elliott,DAL,RB,6.6,6.9,7.0,193.7,254.2,60,58,8.0,,,
19798,19798,Nick Chubb,CLE,RB,7.5,8.5,13.0,216.2,262.1,56,49,20.0,,,
21682,21682,Jonathan Taylor,IND,RB,8.4,11.1,14.0,244.6,256.6,58,52,,,,
19766,19766,Saquon Barkley,NYG,RB,10.3,9.7,10.0,10.6,252.4,59,55,3.0,,,
18082,18082,Tyreek Hill,KC,WR,11.2,12.4,12.0,272.9,242.0,56,55,17.0,,,
19045,19045,Aaron Jones,GB,RB,10.8,13.1,13.0,239.0,245.2,52,47,36.0,,,
15048,15048,Travis Kelce,KC,TE,11.5,10.9,12.0,234.4,217.8,55,50,20.0,,,
16470,16470,Davante Adams,GB,WR,12.5,10.4,13.0,274.6,248.3,54,53,10.0,,,
19562,19562,Austin Ekeler,LAC,RB,14.4,12.5,7.0,125.5,210.5,41,42,92.0,,,
21768,21768,Najee Harris,PIT,RB,14.9,16.1,7.0,0.0,228.8,45,44,,,,
16906,16906,Stefon Diggs,BUF,WR,16.5,15.7,7.0,227.4,196.6,46,45,34.0,,,
21861,21861,Antonio Gibson,WAS,RB,16.8,18.5,9.0,187.5,229.6,47,43,,,,
18890,18890,Patrick Mahomes,KC,QB,17.3,23.5,12.0,422.3,448.0,33,30,18.0,,,
18858,18858,Joe Mixon,CIN,RB,19.4,21.4,10.0,88.7,228.0,46,42,24.0,,,
21769,21769,Clyde Edwards-Helaire,KC,RB,20.1,19.7,12.0,157.9,215.5,39,39,,,,
20875,20875,DK Metcalf,SEA,WR,20.3,22.4,9.0,212.4,216.5,44,43,159.0,,,
14986,14986,DeAndre Hopkins,ARI,WR,23.0,18.0,12.0,194.9,203.5,39,42,8.0,,,
21674,21674,J.K. Dobbins,BAL,RB,23.1,27.1,8.0,169.8,217.6,39,34,,,,
19802,19802,Calvin Ridley,ATL,WR,24.1,22.1,6.0,216.0,207.1,42,41,62.0,,,
21685,21685,Justin Jefferson,MIN,WR,25.9,26.1,7.0,210.0,208.1,38,38,,,,
20824,20824,Josh Jacobs,LV,RB,26.3,37.9,8.0,223.7,214.8,33,28,43.0,,,
21042,21042,A.J. Brown,TEN,WR,28.7,28.7,13.0,193.5,216.0,42,41,203.0,,,
16964,16964,Darren Waller,LV,TE,29.7,24.9,8.0,193.6,173.1,28,34,184.0,,,
20882,20882,David Montgomery,CHI,RB,29.8,31.9,10.0,237.8,218.7,37,35,54.0,,,
19801,19801,Josh Allen,BUF,QB,31.6,40.7,7.0,445.6,432.3,29,29,166.0,,,
19119,19119,Chris Carson,SEA,RB,32.7,31.9,9.0,170.1,209.0,32,27,53.0,,,
19063,19063,George Kittle,SF,TE,33.7,31.2,6.0,87.0,167.2,39,38,43.0,,,
15076,15076,Keenan Allen,LAC,WR,34.9,30.5,7.0,163.7,170.7,26,29,37.0,,,
20933,20933,Miles Sanders,PHI,RB,35.2,38.7,14.0,160.6,209.0,36,32,105.0,,,
21684,21684,D'Andre Swift,DET,RB,36.0,33.8,9.0,162.2,209.9,36,38,,,,
20873,20873,Terry McLaurin,WAS,WR,37.1,34.7,9.0,154.3,182.8,36,36,244.0,,,
16597,16597,Mike Evans,TB,WR,40.5,46.0,9.0,201.5,185.5,32,27,27.0,,,
20889,20889,Kyler Murray,ARI,QB,41.6,47.8,12.0,427.2,409.4,24,26,136.0,,,
21970,21970,James Robinson,JAX,RB,42.1,54.4,7.0,227.2,158.1,10,9,,,,
16263,16263,Allen Robinson II,CHI,WR,42.1,39.5,10.0,181.5,184.3,29,29,85.0,,,
13291,13291,Julio Jones,TEN,WR,43.1,42.6,13.0,107.3,170.9,24,21,14.0,,,
21679,21679,CeeDee Lamb,DAL,WR,43.3,35.4,7.0,155.3,169.6,23,24,,,,
17960,17960,Michael Thomas,NO,WR,44.2,56.4,6.0,49.5,118.2,10,10,14.0,,,
20768,20768,Myles Gaskin,MIA,RB,46.0,43.4,14.0,139.0,185.6,23,20,,,,
18055,18055,Dak Prescott,DAL,QB,47.7,62.0,7.0,151.9,399.0,18,18,126.0,,,
18944,18944,Kareem Hunt,CLE,RB,49.6,51.4,13.0,203.6,166.3,15,11,124.0,,,
15534,15534,Adam Thielen,MIN,WR,50.1,58.8,7.0,203.0,156.5,25,23,33.0,,,
22508,22508,Kyle Pitts,ATL,TE,50.3,44.0,6.0,0.0,137.4,12,15,,,,
19781,19781,Lamar Jackson,BAL,QB,51.7,55.8,8.0,375.4,399.7,19,17,138.0,,,
16765,16765,Amari Cooper,DAL,WR,53.6,49.5,7.0,163.3,163.7,26,26,39.0,,,
16887,16887,Mike Davis,ATL,RB,54.5,46.1,6.0,166.4,176.3,16,11,229.0,,,
18880,18880,Chris Godwin,TB,WR,55.8,53.6,9.0,142.1,170.9,23,21,62.0,,,
21681,21681,Justin Herbert,LAC,QB,57.0,68.2,7.0,375.4,384.3,16,18,,,,
17217,17217,Raheem Mostert,SF,RB,57.0,65.4,6.0,94.4,159.0,11,8,,,,
14871,14871,Robert Woods,LAR,WR,57.5,46.5,11.0,175.0,170.7,20,23,52.0,,,
19803,19803,Mark Andrews,BAL,TE,60.0,59.1,8.0,126.4,148.1,21,23,166.0,,,
21696,21696,Travis Etienne Jr.,JAX,RB,60.3,60.0,7.0,0.0,158.5,17,17,,,,
18882,18882,Cooper Kupp,LAR,WR,62.8,52.7,11.0,131.6,156.9,18,19,68.0,,,
22564,22564,Ja'Marr Chase,CIN,WR,63.7,69.8,10.0,0.0,152.7,12,15,,,,
20805,20805,T.J. Hockenson,DET,TE,64.5,61.7,9.0,122.2,132.5,23,15,148.0,,,
14536,14536,Russell Wilson,SEA,QB,65.5,77.0,9.0,405.8,383.9,16,16,88.0,,,
16776,16776,Melvin Gordon III,DEN,RB,65.5,79.7,11.0,187.7,142.4,10,5,41.0,,,
22558,22558,Javonte Williams,DEN,RB,67.1,71.7,11.0,0.0,163.2,14,11,,,,
2593,2593,Aaron Rodgers,GB,QB,67.9,72.6,13.0,431.2,387.8,14,15,54.0,,,
18977,18977,Kenny Golladay,NYG,WR,67.9,73.4,10.0,51.7,161.3,18,16,62.0,,,
19919,19919,Chase Edmonds,ARI,RB,69.8,67.7,12.0,129.7,163.8,19,16,215.0,,,
16830,16830,Tyler Lockett,SEA,WR,71.4,66.4,9.0,186.6,154.2,17,17,55.0,,,
20790,20790,Damien Harris,NE,RB,71.6,72.9,14.0,97.3,155.5,14,8,180.0,,,
21077,21077,Diontae Johnson,PIT,WR,72.5,60.7,7.0,150.9,150.9,18,20,252.0,,,
20798,20798,Darrell Henderson Jr.,LAR,RB,73.4,51.1,11.0,128.9,201.3,27,23,142.0,,,
19844,19844,DJ Moore,CAR,WR,76.7,66.1,13.0,164.1,171.0,24,23,78.0,,,
21747,21747,Brandon Aiyuk,SF,WR,77.3,74.3,6.0,140.4,149.5,17,17,,,,
16389,16389,Odell Beckham Jr.,CLE,WR,77.7,78.2,13.0,72.0,144.9,15,14,15.0,,,
19861,19861,Ronald Jones II,TB,RB,80.5,91.5,9.0,178.6,145.2,10,6,165.0,,,
21752,21752,Chase Claypool,PIT,WR,80.8,82.5,7.0,172.5,151.2,17,16,,,,
21690,21690,Tee Higgins,CIN,WR,82.9,80.4,10.0,143.9,149.4,16,17,,,,
4314,4314,Tom Brady,TB,QB,84.3,89.2,9.0,381.2,365.9,10,10,123.0,,,
18803,18803,Leonard Fournette,TB,RB,86.6,87.5,9.0,108.3,144.7,12,9,28.0,,,
21784,21784,Zack Moss,BUF,RB,86.9,98.7,7.0,98.8,133.7,9,6,,,,
21687,21687,DeVonta Smith,PHI,WR,87.6,89.8,14.0,0.0,135.9,5,6,,,,
18983,18983,James Conner,ARI,RB,88.0,98.6,12.0,146.2,137.7,8,5,10.0,,,
10974,10974,Rob Gronkowski,TB,TE,88.7,141.0,9.0,117.7,108.0,3,11,266.0,,,
9038,9038,Matthew Stafford,LAR,QB,88.8,94.5,11.0,293.9,349.6,6,5,178.0,,,
19816,19816,DJ Chark Jr.,JAX,WR,91.5,93.5,7.0,113.5,147.5,12,12,258.0,,,
21801,21801,Trey Sermon,SF,RB,91.6,84.5,6.0,0.0,135.2,8,6,,,,
19800,19800,Courtland Sutton,DEN,WR,93.8,91.9,11.0,8.4,145.3,14,14,113.0,,,
16847,16847,David Johnson,HOU,RB,95.2,94.1,10.0,165.3,145.8,10,9,11.0,,,
19863,19863,Dallas Goedert,PHI,TE,95.3,84.7,14.0,79.4,121.7,17,12,180.0,,,
21802,21802,A.J. Dillon,GB,RB,95.5,101.7,13.0,43.2,128.8,8,4,,,,
18883,18883,JuJu Smith-Schuster,PIT,WR,96.6,96.8,7.0,154.6,144.1,10,11,18.0,,,
22553,22553,Michael Carter,NYJ,RB,98.9,80.3,6.0,0.0,132.4,6,5,,,,
21831,21831,Jalen Hurts,PHI,QB,99.0,107.2,14.0,122.3,361.0,11,10,,,,
17975,17975,Hunter Henry,NE,TE,100.5,107.7,14.0,96.2,99.8,4,4,82.0,,,
18187,18187,Robby Anderson,CAR,WR,101.5,102.2,13.0,145.6,141.3,11,12,88.0,,,
16656,16656,Logan Thomas,WAS,TE,102.5,88.2,9.0,118.0,107.6,9,6,,,,
20932,20932,Deebo Samuel,SF,WR,103.2,99.7,6.0,53.8,139.3,11,11,192.0,,,
21693,21693,Joe Burrow,CIN,QB,104.8,116.4,10.0,196.0,338.5,5,5,,,,
17986,17986,Tyler Boyd,CIN,WR,104.8,113.8,10.0,128.2,130.7,6,9,69.0,,,
20941,20941,Devin Singletary,BUF,RB,107.5,115.2,7.0,119.1,109.3,6,4,125.0,,,
20239,20239,Gus Edwards,BAL,RB,107.8,112.0,8.0,134.5,128.7,6,4,230.0,,,
13799,13799,Ryan Tannehill,TEN,QB,108.7,110.0,13.0,387.3,360.7,9,9,284.0,,,
21744,21744,Michael Pittman Jr.,IND,WR,108.9,107.9,14.0,66.4,109.9,3,3,,,,
18003,18003,Kenyan Drake,LV,RB,109.3,107.2,8.0,188.6,124.4,8,6,107.0,,,
20912,20912,Tony Pollard,DAL,RB,112.5,117.2,7.0,104.6,104.4,8,6,147.0,,,
11056,11056,Antonio Brown,TB,WR,113.3,103.8,9.0,81.3,121.4,5,6,26.0,,,
16020,16020,Jarvis Landry,CLE,WR,114.9,124.5,13.0,130.8,125.1,4,4,76.0,,,
21045,21045,Marquise Brown,BAL,WR,115.4,141.6,8.0,141.0,115.3,5,5,196.0,,,
PIT,28,Pittsburgh Steelers,PIT,DEF,116.4,119.9,7.0,169.2,129.7,1,1,,,,
18995,18995,Jamaal Williams,DET,RB,117.8,121.4,9.0,108.4,117.5,5,5,204.0,,,
17916,17916,William Fuller V,MIA,WR,118.7,124.4,14.0,153.3,138.9,9,8,102.0,,,
LAR,32,Los Angeles Rams,LAR,DEF,119.0,127.4,11.0,168.1,115.1,1,3,,,,
20868,20868,Alexander Mattison,MIN,RB,119.9,128.6,7.0,83.4,94.1,4,3,177.0,,,
15071,15071,Latavius Murray,NO,RB,120.9,128.0,6.0,127.7,116.4,6,5,126.0,,,
21692,21692,Jerry Jeudy,DEN,WR,122.2,93.4,11.0,119.1,145.9,10,10,,,,
22490,22490,Trevor Lawrence,JAX,QB,123.2,138.5,7.0,0.0,318.9,4,5,,,,
16568,16568,Brandin Cooks,HOU,WR,126.0,117.7,10.0,170.3,146.1,9,9,44.0,,,
22598,22598,Jaylen Waddle,MIA,WR,126.6,133.0,14.0,0.0,122.0,3,4,,,,
18912,18912,Evan Engram,NYG,TE,126.8,131.5,10.0,88.0,88.7,3,3,82.0,,,
18914,18914,Mike Williams,LAC,WR,127.6,119.6,7.0,119.2,146.8,9,9,71.0,,,
18857,18857,Deshaun Watson,HOU,QB,128.3,140.9,10.0,416.6,267.0,4,3,42.0,,,
20128,20128,Phillip Lindsay,HOU,RB,130.8,139.5,10.0,66.6,89.1,4,3,60.0,,,
BAL,36,Baltimore Ravens,BAL,DEF,131.2,149.5,8.0,161.3,121.8,1,1,,,,
21697,21697,Laviska Shenault Jr.,JAX,WR,132.5,109.2,7.0,111.8,130.4,8,9,,,,
19853,19853,Mike Gesicki,MIA,TE,132.9,160.5,14.0,119.9,111.5,8,6,237.0,,,
WAS,97,Washington Football Team,WAS,DEF,133.8,136.7,9.0,143.3,100.4,1,1,,,,
TB,95,Tampa Bay Buccaneers,TB,DEF,137.2,133.2,9.0,132.0,107.2,1,3,,,,
19912,19912,Nyheim Hines,IND,RB,138.2,127.1,14.0,146.9,98.6,5,5,174.0,,,
19491,19491,Robert Tonyan,GB,TE,138.6,117.2,13.0,140.5,115.9,8,5,,,,
732,732,Matt Ryan,ATL,QB,139.0,132.8,6.0,316.3,315.2,4,3,70.0,,,
20788,20788,Mecole Hardman,KC,WR,139.8,128.8,12.0,91.5,117.7,3,3,192.0,,,
14005,14005,T.Y. Hilton,IND,WR,143.4,158.7,14.0,122.0,118.8,3,4,47.0,,,
18990,18990,Jonnu Smith,NE,TE,144.7,176.4,14.0,111.9,95.5,4,3,237.0,,,
21694,21694,Henry Ruggs III,LV,WR,144.7,140.1,8.0,65.5,112.3,3,4,,,,
18928,18928,Curtis Samuel,WAS,WR,144.8,130.5,9.0,152.4,140.4,10,9,132.0,,,
21691,21691,Chuba Hubbard,CAR,RB,145.4,161.1,13.0,0.0,65.2,0,0,,,,
13337,13337,Mark Ingram II,HOU,RB,146.2,180.1,10.0,52.9,48.7,1,0,52.0,,,
18464,18464,J.D. McKissic,WAS,RB,147.7,114.4,9.0,125.7,88.6,3,5,,,,
17920,17920,Carson Wentz,IND,QB,148.1,277.5,14.0,223.8,222.7,3,0,86.0,,,
16834,16834,Tevin Coleman,NYJ,RB,148.3,144.8,6.0,11.1,85.6,4,4,85.0,,,
19790,19790,Baker Mayfield,CLE,QB,149.2,150.0,13.0,279.3,311.0,4,1,65.0,,,
IND,14,Indianapolis Colts,IND,DEF,149.7,149.6,14.0,170.3,116.2,1,1,,,,
NYG,75,New York Giants,NYG,DEF,150.6,192.2,10.0,116.2,91.4,0,0,,,,
19867,19867,Michael Gallup,DAL,WR,150.7,144.9,7.0,128.9,145.7,6,6,155.0,,,
19073,19073,Harrison Butker,KC,K,151.5,159.4,12.0,147.8,158.3,1,3,147.0,,,
SF,93,San Francisco 49ers,SF,DEF,151.7,158.7,6.0,99.3,118.4,1,1,,,,
16031,16031,Damien Williams,CHI,RB,152.3,176.0,10.0,0.0,62.4,1,0,28.0,,,
18879,18879,Corey Davis,NYJ,WR,153.7,153.3,6.0,142.6,132.1,3,4,85.0,,,
16775,16775,DeVante Parker,MIA,WR,153.7,176.4,14.0,116.5,128.0,4,3,173.0,,,
14688,14688,Justin Tucker,BAL,K,155.9,154.6,8.0,153.4,159.3,3,4,138.0,,,
SEA,90,Seattle Seahawks,SEA,DEF,156.0,171.1,9.0,116.2,104.9,1,1,,,,
21961,21961,Darnell Mooney,CHI,WR,156.0,148.1,10.0,102.8,111.4,1,1,,,,
19799,19799,Rashaad Penny,SEA,RB,156.8,144.6,9.0,4.3,79.4,3,3,108.0,,,
DAL,48,Dallas Cowboys,DAL,DEF,157.4,177.1,7.0,88.0,97.0,0,0,,,,
19565,19565,Younghoe Koo,ATL,K,157.7,160.1,6.0,180.5,149.2,1,3,,,,
BUF,37,Buffalo Bills,BUF,DEF,157.7,175.7,7.0,133.1,110.5,1,1,,,,
22493,22493,Trey Lance,SF,QB,160.2,166.9,6.0,0.0,273.5,0,0,,,,
22112,22112,Rodrigo Blankenship,IND,K,160.6,164.9,14.0,159.0,146.8,3,3,,,,
14697,14697,Greg Zuerlein,DAL,K,160.9,164.6,7.0,159.0,151.7,3,3,129.0,,,
20753,20753,Noah Fant,DEN,TE,161.1,94.6,11.0,98.5,114.1,12,10,192.0,,,
18032,18032,Tyler Higbee,LAR,TE,161.4,138.1,11.0,95.0,111.5,10,8,,,,
20360,20360,Jeff Wilson Jr.,SF,RB,165.5,292.2,6.0,145.9,51.4,1,0,,,,
8750,8750,Ryan Succop,TB,K,165.7,169.2,9.0,155.7,153.5,3,3,212.0,,,
NE,21,New England Patriots,NE,DEF,166.2,162.8,14.0,117.3,117.3,1,1,,,,
13870,13870,Marvin Jones Jr.,JAX,WR,166.3,171.9,7.0,171.2,128.6,4,3,109.0,,,
20033,20033,Jason Sanders,MIA,K,166.5,167.6,14.0,180.5,150.2,3,3,,,,
549,549,Matt Prater,ARI,K,167.6,180.3,12.0,127.5,142.0,0,0,186.0,,,
20949,20949,Irv Smith Jr.,MIN,TE,169.2,165.3,7.0,77.3,106.3,8,5,226.0,,,
17970,17970,Devontae Booker,NYG,RB,169.5,178.9,10.0,77.5,61.0,0,0,,,,
22108,22108,Tyler Bass,BUF,K,169.8,163.6,7.0,168.1,155.3,3,3,,,,
16762,16762,Jameis Winston,NO,QB,169.9,193.8,6.0,3.1,247.3,1,0,111.0,,,
14856,14856,Zach Ertz,PHI,TE,170.0,184.2,14.0,46.8,77.4,1,0,32.0,,,
22492,22492,Justin Fields,CHI,QB,170.3,178.0,10.0,0.0,270.2,0,0,,,,
18998,18998,Marlon Mack,IND,RB,170.7,172.4,14.0,7.1,54.0,1,0,45.0,,,
22592,22592,Elijah Moore,NYJ,WR,171.2,150.8,6.0,0.0,103.5,1,1,,,,
21786,21786,Adam Trautman,NO,TE,172.5,171.1,6.0,26.1,95.2,0,0,,,,
CLE,8,Cleveland Browns,CLE,DEF,172.7,167.5,13.0,106.0,100.4,1,1,,,,
8534,8534,Jared Cook,LAC,TE,173.0,174.2,7.0,102.0,99.9,1,3,92.0,,,
18478,18478,Wil Lutz,NO,K,174.8,174.7,6.0,144.4,147.5,3,3,155.0,,,
18935,18935,Gerald Everett,SEA,TE,175.1,180.9,9.0,58.5,76.8,1,0,258.0,,,
20064,20064,Justin Jackson,LAC,RB,175.3,184.2,7.0,52.2,50.7,0,0,171.0,,,
14252,14252,Kirk Cousins,MIN,QB,175.5,164.9,7.0,345.4,318.8,5,3,148.0,,,
11063,11063,Emmanuel Sanders,BUF,WR,175.6,182.5,7.0,117.1,112.1,1,1,109.0,,,
3807,3807,Ben Roethlisberger,PIT,QB,176.1,177.7,7.0,301.4,295.7,1,0,117.0,,,
16311,16311,Derek Carr,LV,QB,176.3,184.9,8.0,307.0,309.8,1,1,176.0,,,
16056,16056,James White,NE,RB,176.9,152.1,14.0,76.3,84.8,3,5,63.0,,,
16781,16781,Nelson Agholor,NE,WR,177.0,183.8,14.0,155.2,126.4,3,3,230.0,,,
DEN,49,Denver Broncos,DEN,DEF,177.7,189.4,11.0,83.5,104.9,1,1,,,,
22623,22623,Rashod Bateman,BAL,WR,178.0,178.3,8.0,0.0,107.8,0,0,,,,
20006,20006,Russell Gage,ATL,WR,178.3,144.3,6.0,123.0,107.1,0,3,,,,
19238,19238,Taysom Hill,NO,QB,178.4,323.7,6.0,167.6,143.0,1,0,,,,
MIN,67,Minnesota Vikings,MIN,DEF,178.9,181.5,7.0,64.3,103.8,0,0,,,,
19989,19989,Daniel Carlson,LV,K,179.4,188.3,8.0,171.5,144.6,3,3,246.0,,,
21677,21677,Tua Tagovailoa,MIA,QB,179.6,185.9,14.0,152.8,312.7,1,1,,,,
21845,21845,Darrynton Evans,TEN,RB,179.9,186.5,13.0,15.9,62.3,0,0,,,,
21839,21839,Xavier Jones,LAR,RB,180.1,156.1,11.0,0.0,68.8,1,0,,,,
12845,12845,A.J. Green,ARI,WR,180.4,179.8,12.0,72.5,79.4,0,0,86.0,,,
14916,14916,Giovani Bernard,TB,RB,180.5,154.0,9.0,125.3,67.2,1,4,199.0,,,
20769,20769,Matt Gay,LAR,K,181.2,187.6,11.0,67.7,144.5,1,1,,,,
19003,19003,Tarik Cohen,CHI,RB,182.2,150.6,10.0,13.0,69.4,4,5,76.0,,,
13227,13227,Randall Cobb,GB,WR,182.4,178.3,13.0,70.0,93.9,0,0,229.0,,,
21735,21735,Gabriel Davis,BUF,WR,182.6,195.8,7.0,114.9,116.3,1,0,,,,
CAR,5,Carolina Panthers,CAR,DEF,182.7,190.3,13.0,109.4,95.9,0,0,,,,
22557,22557,Javian Hawkins,ATL,RB,183.4,362.1,6.0,0.0,25.3,0,0,,,,
LAC,84,Los Angeles Chargers,LAC,DEF,184.0,189.1,7.0,81.2,101.5,0,0,,,,
MIA,64,Miami Dolphins,MIA,DEF,184.5,186.6,14.0,156.8,93.6,0,0,,,,
14141,14141,Cole Beasley,BUF,WR,185.0,164.1,7.0,141.6,105.5,3,3,224.0,,,
1694,1694,Mason Crosby,GB,K,185.0,191.3,13.0,129.7,144.2,1,1,204.0,,,
8283,8283,Ryan Fitzpatrick,WAS,QB,186.1,182.7,9.0,172.3,309.2,4,0,236.0,,,
ARI,1,Arizona Cardinals,ARI,DEF,187.0,188.8,12.0,120.7,93.6,1,1,,,,
13320,13320,Cam Newton,NE,QB,187.2,282.0,14.0,292.1,207.5,1,0,102.0,,,
20500,20500,Darrel Williams,KC,RB,188.9,180.8,12.0,41.2,68.0,3,3,,,,
GB,12,Green Bay Packers,GB,DEF,189.5,192.0,13.0,106.0,103.8,0,0,,,,
19828,19828,Sony Michel,NE,RB,189.8,193.0,14.0,77.0,81.7,3,0,53.0,,,
19897,19897,Tre'Quan Smith,NO,WR,190.4,173.4,6.0,77.9,124.5,3,3,199.0,,,
KC,55,Kansas City Chiefs,KC,DEF,190.6,186.7,12.0,124.1,119.6,1,0,,,,
CHI,38,Chicago Bears,CHI,DEF,192.0,194.5,10.0,101.5,103.8,0,0,,,,
20144,20144,Michael Badgley,LAC,K,192.3,199.7,7.0,126.3,127.6,0,0,208.0,,,
1410,1410,Robbie Gould,SF,K,192.9,187.0,6.0,109.4,148.2,3,3,165.0,,,
17215,17215,Jason Myers,SEA,K,193.3,200.2,9.0,141.0,147.8,3,3,185.0,,,
PHI,26,Philadelphia Eagles,PHI,DEF,201.9,199.7,14.0,116.2,108.3,1,1,,,,
14996,14996,Brandon McManus,DEN,K,202.1,525.6,11.0,144.4,136.9,1,1,222.0,,,
NO,69,New Orleans Saints,NO,DEF,202.1,178.7,6.0,137.6,119.6,1,1,,,,
NYJ,82,New York Jets,NYJ,DEF,204.2,200.8,6.0,73.3,100.4,0,0,,,,
JAX,52,Jacksonville Jaguars,JAX,DEF,205.3,196.7,7.0,58.7,99.3,0,0,,,,
TEN,34,Tennessee Titans,TEN,DEF,206.4,138.0,13.0,79.0,98.1,0,0,,,,
DET,11,Detroit Lions,DET,DEF,209.8,203.0,9.0,30.5,94.8,0,0,,,,
HOU,13,Houston Texans,HOU,DEF,210.9,204.2,10.0,54.1,93.6,0,0,,,,
CIN,7,Cincinnati Bengals,CIN,DEF,212.1,205.3,10.0,50.8,92.5,0,0,,,,
LV,83,Las Vegas Raiders,LV,DEF,213.2,206.4,8.0,44.0,92.5,0,0,,,,
ATL,2,Atlanta Falcons,ATL,DEF,215.4,192.5,6.0,81.2,89.1,0,0,,,,
21688,21688,Cam Akers,LAR,RB,282.0,807.6,11.0,102.4,0.0,0,0,,,,
17048,17048,Tyrell Williams,DET,WR,284.3,204.2,9.0,114.0,106.8,1,1,174.0,,,
22626,22626,Rondale Moore,ARI,WR,285.4,201.9,12.0,0.0,105.5,0,0,,,,
16787,16787,Breshad Perriman,DET,WR,286.5,208.7,9.0,77.9,105.1,1,1,296.0,,,
16640,16640,John Brown,LV,WR,287.6,207.6,8.0,72.0,103.1,1,0,143.0,,,
21686,21686,Jalen Reagor,PHI,WR,288.8,195.4,14.0,56.6,102.9,4,3,,,,
22685,22685,Terrace Marshall Jr.,CAR,WR,289.9,206.4,13.0,0.0,100.6,0,0,,,,
17961,17961,Sterling Shepard,NYG,WR,291.0,203.0,10.0,108.9,97.7,1,0,98.0,,,
20876,20876,Jakobi Meyers,NE,WR,292.2,205.3,14.0,94.2,96.3,1,1,237.0,,,
19815,19815,Christian Kirk,ARI,WR,293.3,209.8,12.0,111.0,93.8,1,0,120.0,,,
16866,16866,Jamison Crowder,NYJ,WR,294.4,191.3,6.0,127.5,91.9,1,0,176.0,,,
20841,20841,Daniel Jones,NYG,QB,295.5,245.9,10.0,203.1,303.6,4,0,213.0,,,
21739,21739,Van Jefferson,LAR,WR,296.7,210.9,11.0,31.5,90.2,0,0,,,,
19514,19514,Keelan Cole,NYJ,WR,297.8,212.1,6.0,106.5,87.7,0,0,296.0,,,
21005,21005,Parris Campbell,IND,WR,298.9,195.9,14.0,11.1,86.2,1,1,194.0,,,
3943,3943,DeSean Jackson,LAR,WR,300.0,216.6,11.0,34.7,85.8,0,0,153.0,,,
22495,22495,Zach Wilson,NYJ,QB,301.2,250.4,6.0,0.0,287.5,0,0,,,,
19812,19812,Sam Darnold,CAR,QB,302.3,251.5,13.0,151.2,287.3,1,0,176.0,,,
22587,22587,Amon-Ra St. Brown,DET,WR,303.4,177.7,9.0,0.0,84.9,0,0,,,,
19976,19976,Marquez Valdes-Scantling,GB,WR,304.6,218.8,13.0,117.7,84.9,0,0,139.0,,,
20943,20943,Darius Slayton,NYG,WR,305.7,214.3,10.0,102.6,83.3,1,0,,,,
17922,17922,Jared Goff,DET,QB,306.8,256.1,9.0,270.7,275.3,1,0,111.0,,,
21736,21736,Bryan Edwards,LV,WR,307.9,213.2,8.0,28.5,81.9,0,0,,,,
18089,18089,Rashard Higgins,CLE,WR,309.1,217.7,13.0,94.6,80.7,0,0,240.0,,,
22569,22569,D'Wayne Eskridge,SEA,WR,310.2,222.2,9.0,0.0,79.1,0,0,,,,
19172,19172,Zach Pascal,IND,WR,311.3,220.0,14.0,104.8,77.7,0,0,,,,
21750,21750,Marquez Callaway,NO,WR,312.5,221.1,6.0,24.0,76.2,0,0,,,,
16003,16003,Sammy Watkins,BAL,WR,313.6,194.1,8.0,56.9,75.0,0,0,116.0,,,
20145,20145,Allen Lazard,GB,WR,314.7,225.6,13.0,73.1,73.4,1,0,,,,
21756,21756,Nico Collins,HOU,WR,315.8,223.3,10.0,0.0,73.2,0,0,,,,
19865,19865,James Washington,PIT,WR,317.0,230.1,7.0,78.1,73.1,0,0,151.0,,,
22614,22614,Kadarius Toney,NYG,WR,318.1,224.5,10.0,0.0,72.6,0,0,,,,
21448,21448,Jalen Guyton,LAC,WR,319.2,234.6,7.0,77.9,72.1,0,0,,,,
20924,20924,Hunter Renfrow,LV,WR,320.4,215.4,8.0,85.3,71.4,0,0,247.0,,,
21741,21741,Denzel Mims,NYJ,WR,321.5,229.0,6.0,42.5,69.8,1,0,,,,
21729,21729,Quintez Cephus,DET,WR,322.6,232.4,9.0,52.9,68.6,0,0,,,,
19207,19207,Tim Patrick,DEN,WR,323.7,227.9,11.0,124.3,68.4,0,0,,,,
20838,20838,Tyron Johnson,LAC,WR,324.9,240.3,7.0,67.1,66.9,0,0,,,,
21142,21142,Olamide Zaccheaus,ATL,WR,326.0,231.2,6.0,37.7,66.2,0,0,,,,
21759,21759,K.J. Hamler,DEN,WR,327.1,233.5,11.0,67.8,65.3,0,0,,,,
19017,19017,Josh Reynolds,TEN,WR,328.2,235.8,13.0,81.6,65.2,0,0,285.0,,,
19864,19864,Anthony Miller,HOU,WR,329.4,226.7,10.0,67.3,65.0,0,0,166.0,,,
17053,17053,Malcolm Brown,MIA,RB,330.5,258.3,14.0,97.1,69.1,0,0,221.0,,,
19318,19318,Kendrick Bourne,NE,WR,331.6,238.0,14.0,91.0,63.0,0,0,,,,
15150,15150,Cordarrelle Patterson,ATL,RB,332.8,254.9,6.0,47.8,66.2,0,0,,,,
18047,18047,Demarcus Robinson,KC,WR,333.9,239.1,12.0,70.6,62.1,0,0,,,,
19937,19937,Keke Coutee,HOU,WR,335.0,236.9,10.0,60.9,61.7,0,0,170.0,,,
21776,21776,Joshua Kelley,LAC,RB,336.1,261.7,7.0,65.6,65.1,0,0,,,,
22562,22562,Kenneth Gainwell,PHI,RB,337.3,179.1,14.0,0.0,63.6,0,0,,,,
21754,21754,Donovan Peoples-Jones,CLE,WR,338.4,249.3,13.0,50.1,59.7,0,0,,,,
21843,21843,Salvon Ahmed,MIA,RB,339.5,189.4,14.0,65.4,63.5,1,0,,,,
20150,20150,Byron Pringle,KC,WR,340.7,241.4,12.0,24.8,59.3,0,0,,,,
20762,20762,Travis Fulgham,PHI,WR,341.8,242.5,14.0,87.9,59.1,0,0,,,,
22602,22602,Tutu Atwell,LAR,WR,342.9,243.6,11.0,0.0,56.4,0,0,,,,
16837,16837,Chris Conley,HOU,WR,344.0,248.2,10.0,64.4,55.3,0,0,291.0,,,
21163,21163,Deonte Harris,NO,WR,345.2,244.8,6.0,31.2,55.2,0,0,,,,
17141,17141,Damiere Byrd,CHI,WR,346.3,247.0,10.0,76.6,55.0,0,0,,,,
22686,22686,Dyami Brown,WAS,WR,347.4,252.7,9.0,0.0,54.9,0,0,,,,
20837,20837,Ty Johnson,NYJ,RB,348.6,271.8,6.0,53.4,57.9,3,1,,,,
16497,16497,Teddy Bridgewater,DEN,QB,349.7,295.5,11.0,272.1,180.9,0,0,,,,
22575,22575,Amari Rodgers,GB,WR,350.8,257.2,13.0,0.0,53.5,0,0,,,,
18993,18993,Samaje Perine,CIN,RB,351.9,274.1,10.0,61.7,56.0,0,0,,,,
22678,22678,Jake Funk,LAR,RB,353.1,279.7,11.0,0.0,55.4,0,0,,,,
20039,20039,Boston Scott,PHI,RB,354.2,267.3,14.0,79.6,54.9,1,0,,,,
20529,20529,Cam Sims,WAS,WR,355.3,259.4,9.0,61.1,50.7,0,0,,,,
20057,20057,Auden Tate,CIN,WR,356.4,253.8,10.0,16.9,50.2,0,0,,,,
12831,12831,Tyrod Taylor,HOU,QB,357.6,309.1,10.0,10.2,166.6,0,0,,,,
21138,21138,Scotty Miller,TB,WR,358.7,264.0,9.0,78.4,48.2,0,0,,,,
21730,21730,Collin Johnson,JAX,WR,359.8,269.6,7.0,46.5,47.3,0,0,,,,
20988,20988,Preston Williams,MIA,WR,361.0,268.5,14.0,64.1,46.8,0,0,241.0,,,
19705,19705,Greg Ward,PHI,WR,362.1,262.8,14.0,90.4,46.3,0,0,,,,
19043,19043,Isaiah McKenzie,BUF,WR,363.2,266.2,7.0,71.7,45.7,0,0,,,,
18996,18996,Wayne Gallman II,SF,RB,364.3,284.3,6.0,130.4,48.4,0,0,270.0,,,
17290,17290,Adam Humphries,WAS,WR,365.5,260.6,9.0,39.3,44.5,0,0,217.0,,,
20900,20900,Qadree Ollison,ATL,RB,366.6,296.7,6.0,0.4,47.1,0,0,292.0,,,
20792,20792,N'Keal Harry,NE,WR,367.7,265.1,14.0,46.1,43.6,0,0,162.0,,,
22546,22546,Rhamondre Stevenson,NE,RB,368.9,297.8,14.0,0.0,45.9,0,0,,,,
22613,22613,Joshua Palmer,LAC,WR,370.0,270.7,7.0,0.0,43.0,0,0,,,,
22591,22591,Dez Fitzpatrick,TEN,WR,371.1,273.0,13.0,0.0,43.0,0,0,,,,
18992,18992,Dede Westbrook,MIN,WR,372.2,276.4,7.0,-1.8,42.0,0,0,114.0,,,
14901,14901,Kyle Juszczyk,SF,RB,373.4,280.9,6.0,70.6,44.5,0,0,,,,
20859,20859,Drew Lock,DEN,QB,374.5,324.9,11.0,204.5,138.8,0,0,248.0,,,
22609,22609,Shi Smith,CAR,WR,375.6,275.2,13.0,0.0,40.8,0,0,,,,
21777,21777,Larry Rountree III,LAC,RB,376.8,306.8,7.0,0.0,43.3,0,0,,,,
16668,16668,Carlos Hyde,JAX,RB,377.9,310.2,7.0,77.7,42.9,1,0,184.0,,,
22588,22588,Anthony Schwartz,CLE,WR,379.0,286.5,13.0,0.0,40.2,0,0,,,,
21797,21797,La'Mical Perine,NYJ,RB,380.1,305.7,6.0,46.8,42.4,0,0,,,,
22496,22496,Mac Jones,NE,QB,381.3,328.2,14.0,0.0,133.0,0,0,,,,
13878,13878,Mohamed Sanu,SF,WR,382.4,278.6,6.0,30.5,39.4,0,0,169.0,,,
16510,16510,Jerick McKinnon,KC,RB,383.5,289.9,12.0,105.1,41.7,0,0,199.0,,,
21675,21675,Tyler Johnson,TB,WR,384.6,283.1,9.0,32.6,39.0,0,0,,,,
20159,20159,Mike Boone,DEN,RB,385.8,321.5,11.0,14.6,40.0,0,0,,,,
14865,14865,Marquise Goodwin,CHI,WR,386.9,288.8,10.0,0.0,36.5,0,0,204.0,,,
21721,21721,Devin Duvernay,BAL,WR,388.0,293.3,8.0,30.6,36.1,0,0,,,,
19033,19033,Brian Hill,TEN,RB,389.2,319.2,13.0,79.4,37.8,0,0,290.0,,,
18881,18881,John Ross,NYG,WR,390.3,285.4,10.0,2.2,34.9,0,0,255.0,,,
21743,21743,Lynn Bowden Jr.,MIA,WR,391.4,287.6,14.0,28.9,34.8,0,0,,,,
21037,21037,Miles Boykin,BAL,WR,392.5,304.6,8.0,57.1,34.7,0,0,220.0,,,
22535,22535,Elijah Mitchell,SF,RB,393.7,322.6,6.0,0.0,36.9,0,0,,,,
20077,20077,Richie James,SF,WR,394.8,291.0,6.0,46.7,34.5,0,0,,,,
14917,14917,Rex Burkhead,HOU,RB,395.9,313.6,10.0,93.2,36.6,0,0,256.0,,,
21804,21804,DeeJay Dallas,SEA,RB,397.1,307.9,9.0,45.0,36.5,0,0,,,,
21960,21960,Freddie Swain,SEA,WR,398.2,302.3,9.0,31.5,34.2,0,0,,,,
22555,22555,Jermar Jefferson,DET,RB,399.3,318.1,9.0,0.0,36.3,0,0,,,,
18690,18690,Jalen Richard,LV,RB,400.4,301.2,8.0,36.2,36.1,0,0,219.0,,,
19120,19120,David Moore,CAR,WR,401.6,300.0,13.0,94.5,33.7,0,0,262.0,,,
20013,20013,Cedrick Wilson,DAL,WR,402.7,303.4,7.0,39.1,33.3,0,0,,,,
19319,19319,Matt Breida,BUF,RB,403.8,320.4,7.0,37.2,34.4,0,0,143.0,,,
20950,20950,Benny Snell Jr.,PIT,RB,405.0,330.5,7.0,73.2,34.4,1,0,253.0,,,
16141,16141,Willie Snead IV,LV,WR,406.1,298.9,8.0,69.0,32.1,0,0,233.0,,,
20817,20817,Jalen Hurd,SF,WR,407.2,294.4,6.0,0.0,31.8,0,0,240.0,,,
21957,21957,Quez Watkins,PHI,WR,408.3,317.0,14.0,18.7,30.8,0,0,,,,
16802,16802,Devin Funchess,GB,WR,409.5,312.5,13.0,0.0,29.6,0,0,188.0,,,
18375,18375,Peyton Barber,WAS,RB,410.6,344.0,9.0,57.5,31.3,0,0,140.0,,,
21854,21854,Anthony McFarland Jr.,PIT,RB,411.7,331.6,7.0,18.8,31.3,0,0,,,,
20820,20820,Andy Isabella,ARI,WR,412.8,311.3,12.0,38.1,29.3,0,0,215.0,,,
16308,16308,Albert Wilson,MIA,WR,414.0,314.7,14.0,0.0,29.1,0,0,224.0,,,
19824,19824,Kalen Ballage,PIT,RB,415.1,336.1,7.0,73.2,29.8,0,0,158.0,,,
16041,16041,Jimmy Garoppolo,SF,QB,416.2,357.6,6.0,72.6,93.6,0,0,161.0,,,
21841,21841,Jordan Love,GB,QB,417.4,361.0,13.0,0.0,93.0,0,0,,,,
22556,22556,Jaret Patterson,WAS,RB,418.5,359.8,9.0,0.0,28.9,0,0,,,,
20802,20802,Justice Hill,BAL,RB,419.6,337.3,8.0,10.2,28.5,0,0,168.0,,,
20990,20990,Trayveon Williams,CIN,RB,420.7,332.8,10.0,18.8,28.4,0,0,,,,
22505,22505,Davis Mills,HOU,QB,421.9,368.9,10.0,0.0,89.3,0,0,,,,
22604,22604,Tylan Wallace,BAL,WR,423.0,327.1,8.0,0.0,26.2,0,0,,,,
20835,20835,KeeSean Johnson,ARI,WR,424.1,315.8,12.0,19.5,26.1,0,0,252.0,,,
21820,21820,Jacob Eason,IND,QB,425.3,385.8,14.0,0.0,82.2,0,0,,,,
18269,18269,Geronimo Allison,DET,WR,426.4,326.0,9.0,0.0,24.4,0,0,132.0,,,
19080,19080,Noah Brown,DAL,WR,427.5,338.4,7.0,17.8,23.9,0,0,,,,
19822,19822,Kerryon Johnson,PHI,RB,428.6,346.3,14.0,59.6,24.8,0,0,36.0,,,
21840,21840,Kylin Hill,GB,RB,429.8,358.7,13.0,0.0,24.4,0,0,,,,
12841,12841,Andy Dalton,CHI,QB,430.9,397.1,10.0,153.3,75.5,0,0,191.0,,,
19296,19296,Anthony Firkser,TEN,TE,432.0,199.7,13.0,50.4,92.9,1,0,,,,
20582,20582,Chad Beebe,MIN,WR,433.2,329.4,7.0,34.0,22.1,0,0,,,,
19823,19823,Royce Freeman,DEN,RB,434.3,345.2,11.0,28.3,23.4,0,0,144.0,,,
17963,17963,Austin Hooper,CLE,TE,435.4,333.9,13.0,76.1,90.3,4,0,123.0,,,
19457,19457,Blake Jarwin,DAL,TE,436.5,182.1,7.0,1.5,89.8,1,1,,,,
22596,22596,Jaelon Darden,TB,WR,437.7,347.4,9.0,0.0,21.0,0,0,,,,
19979,19979,Jordan Wilkins,IND,RB,438.8,367.7,14.0,55.6,22.3,0,0,,,,
18103,18103,Jakeem Grant Sr.,MIA,WR,439.9,335.0,14.0,51.1,20.5,0,0,,,,
16451,16451,Eric Ebron,PIT,TE,441.0,340.7,7.0,96.8,85.2,1,3,105.0,,,
21738,21738,Juwan Johnson,NO,WR,442.2,348.6,6.0,5.0,19.6,0,0,,,,
21772,21772,Cole Kmet,CHI,TE,443.3,341.8,10.0,38.4,81.0,1,0,,,,
19854,19854,Dante Pettis,NYG,WR,444.4,350.8,10.0,13.1,19.4,0,0,114.0,,,
13741,13741,Brandon Bolden,NE,RB,445.6,406.1,14.0,0.0,20.5,0,0,,,,
19361,19361,Marcus Kemp,KC,WR,446.7,342.9,12.0,1.4,19.2,0,0,,,,
21400,21400,Steven Sims Jr.,WAS,WR,447.8,339.5,9.0,34.2,19.1,0,0,,,,
20816,20816,Lil'Jordan Humphrey,NO,WR,448.9,353.1,6.0,12.0,18.7,0,0,,,,
18901,18901,O.J. Howard,TB,TE,450.1,355.3,9.0,30.0,77.7,0,0,70.0,,,
19098,19098,Isaiah Ford,MIA,WR,451.2,351.9,14.0,31.1,18.4,0,0,,,,
22276,22276,DeMichael Harris,IND,WR,452.3,349.7,14.0,14.1,18.1,0,0,,,,
16524,16524,Devonta Freeman,NO,RB,453.5,379.0,6.0,32.7,19.3,0,0,45.0,,,
14269,14269,Alfred Morris,NYG,RB,454.6,419.6,10.0,42.5,19.2,0,0,276.0,,,
19843,19843,Hayden Hurst,ATL,TE,455.7,354.2,6.0,105.0,74.9,1,0,299.0,,,
22647,22647,Chris Evans,CIN,RB,456.8,372.2,10.0,0.0,19.1,0,0,,,,
18717,18717,Marvin Hall,NE,WR,458.0,375.6,14.0,47.7,17.6,0,0,,,,
18088,18088,Alex Collins,SEA,RB,459.1,418.5,9.0,22.7,18.1,0,0,,,,
21788,21788,Ke'Shawn Vaughn,TB,RB,460.2,394.8,9.0,20.6,18.1,1,0,,,,
22533,22533,Demetric Felton,CLE,RB,461.4,365.5,13.0,0.0,18.0,0,0,,,,
20850,20850,Dawson Knox,BUF,TE,462.5,370.0,7.0,48.3,70.0,0,0,,,,
22676,22676,Kene Nwangwu,MIN,RB,463.6,414.0,7.0,0.0,17.8,0,0,,,,
22594,22594,Frank Darby,ATL,WR,464.7,363.2,6.0,0.0,16.3,0,0,,,,
22563,22563,Khalil Herbert,CHI,RB,465.9,421.9,10.0,0.0,17.2,0,0,,,,
21967,21967,Isaiah Coulter,HOU,WR,467.0,381.3,10.0,0.0,16.1,0,0,,,,
20372,20372,Cameron Batson,TEN,WR,468.1,356.4,13.0,20.3,16.0,0,0,,,,
11488,11488,Jimmy Graham,CHI,TE,469.2,377.9,10.0,105.6,65.9,0,0,162.0,,,
22595,22595,Ihmir Smith-Marsette,MIN,WR,470.4,374.5,7.0,0.0,15.7,0,0,,,,
21855,21855,Raymond Calais,LAR,RB,471.5,428.6,11.0,0.0,16.5,0,0,,,,
18926,18926,Zay Jones,LV,WR,472.6,382.4,8.0,25.4,15.4,0,0,221.0,,,
16790,16790,Phillip Dorsett II,JAX,WR,473.8,380.1,7.0,0.0,15.3,0,0,267.0,,,
20224,20224,Christian Blake,ATL,WR,474.9,366.6,6.0,15.9,15.2,0,0,,,,
19922,19922,Justin Watson,TB,WR,476.0,388.0,9.0,10.6,15.1,0,0,,,,
22590,22590,Ben Skowronek,LAR,WR,477.1,376.8,11.0,0.0,14.9,0,0,,,,
21731,21731,John Hightower,PHI,WR,478.3,384.6,14.0,21.2,14.9,0,0,,,,
19903,19903,Jordan Akins,HOU,TE,479.4,373.4,10.0,52.7,62.1,0,0,,,,
18974,18974,Chad Williams,KC,WR,480.5,364.3,12.0,0.0,14.9,0,0,,,,
19947,19947,Chris Herndon,NYJ,TE,481.7,383.5,6.0,48.2,61.9,0,0,201.0,,,
22672,22672,Gary Brightwell,NYG,RB,482.8,432.0,10.0,0.0,15.7,0,0,,,,
20810,20810,Travis Homer,SEA,RB,483.9,408.3,9.0,26.8,15.2,0,0,,,,
20793,20793,Penny Hart,SEA,WR,485.0,400.4,9.0,2.8,14.2,0,0,,,,
19065,19065,Jeremy McNichols,TEN,RB,486.2,441.0,13.0,36.0,15.0,0,0,,,,
22572,22572,Dax Milne,WAS,WR,487.3,371.1,9.0,0.0,13.9,0,0,,,,
22618,22618,Marquez Stevenson,BUF,WR,488.4,391.4,7.0,0.0,13.8,0,0,,,,
20038,20038,Braxton Berrios,NYJ,WR,489.6,393.7,6.0,68.0,13.8,0,0,,,,
19920,19920,Dalton Schultz,DAL,TE,490.7,398.2,7.0,94.2,56.5,0,0,,,,
18197,18197,Alex Erickson,HOU,WR,491.8,386.9,10.0,12.0,13.5,0,0,,,,
18900,18900,Mo Alie-Cox,IND,TE,492.9,409.5,14.0,55.7,56.2,0,0,,,,
15602,15602,Jack Doyle,IND,TE,494.1,402.7,14.0,46.4,56.1,0,0,184.0,,,
20880,20880,Gardner Minshew II,JAX,QB,495.2,481.7,7.0,180.1,45.1,0,0,,,,
19659,19659,Dan Arnold,CAR,TE,496.3,405.0,13.0,74.2,55.9,0,0,,,,
18652,18652,C.J. Ham,MIN,RB,497.4,407.2,7.0,19.7,14.3,0,0,,,,
19548,19548,Corey Clement,NYG,RB,498.6,453.5,10.0,18.0,14.3,0,0,,,,
19599,19599,Trey Edmunds,PIT,RB,499.7,445.6,7.0,0.0,14.2,0,0,,,,
22573,22573,Dazz Newsome,CHI,WR,500.8,395.9,10.0,0.0,13.1,0,0,,,,
18067,18067,Jordan Howard,PHI,RB,502.0,479.4,14.0,33.5,13.8,0,0,95.0,,,
16917,16917,C.J. Uzomah,CIN,TE,503.1,399.3,10.0,16.6,53.6,0,0,272.0,,,
16815,16815,Ameer Abdullah,MIN,RB,504.2,427.5,7.0,24.8,13.6,0,0,,,,
18445,18445,Mike Thomas,CIN,WR,505.3,410.6,10.0,19.5,12.8,0,0,,,,
20964,20964,Darwin Thompson,KC,RB,506.5,444.4,12.0,29.6,13.6,0,0,155.0,,,
21056,21056,Hakeem Butler,PHI,WR,507.6,417.4,14.0,0.0,12.7,0,0,244.0,,,
21593,21593,D'Ernest Johnson,CLE,RB,508.7,464.7,13.0,20.3,13.4,0,0,,,,
21765,21765,JaMycal Hasty,SF,RB,509.9,463.6,6.0,27.2,13.3,0,0,,,,
20742,20742,J.J. Arcega-Whiteside,PHI,WR,511.0,412.8,14.0,18.6,12.5,0,0,209.0,,,
18422,18422,Kalif Raymond,DET,WR,512.1,411.7,9.0,20.8,12.5,0,0,,,,
21601,21601,Gunner Olszewski,NE,WR,513.2,424.1,14.0,16.4,12.4,0,0,,,,
20819,20819,Alec Ingold,LV,RB,514.4,401.6,8.0,19.6,13.2,0,0,,,,
20011,20011,Javon Wims,CHI,WR,515.5,403.8,10.0,12.4,12.3,0,0,,,,
19961,19961,Ray-Ray McCloud,PIT,WR,516.6,392.5,7.0,13.8,12.0,0,0,,,,
22568,22568,Cornell Powell,KC,WR,517.8,423.0,12.0,0.0,12.0,0,0,,,,
18876,18876,David Njoku,CLE,TE,518.9,434.3,13.0,37.6,49.4,0,0,118.0,,,
19950,19950,Will Dissly,SEA,TE,520.0,425.3,9.0,41.8,49.1,0,0,221.0,,,
20075,20075,Josh Adams,NYJ,RB,521.1,485.0,6.0,34.5,12.5,0,0,,,,
21549,21549,Tony Brooks-James,PIT,RB,522.3,482.8,7.0,0.5,12.5,0,0,,,,
16763,16763,Marcus Mariota,LV,QB,523.4,495.2,8.0,29.1,38.7,0,0,197.0,,,
19996,19996,Jaylen Samuels,PIT,RB,524.5,435.4,7.0,9.4,12.2,0,0,141.0,,,
16855,16855,Ty Montgomery,NO,RB,525.6,443.3,6.0,14.4,12.1,0,0,218.0,,,
20789,20789,Kelvin Harmon,WAS,WR,526.8,416.2,9.0,41.7,11.4,0,0,,,,
19988,19988,Tyler Conklin,MIN,TE,527.9,429.8,7.0,28.7,47.5,0,0,,,,
18058,18058,Tajaé Sharpe,ATL,WR,529.0,390.3,6.0,0.0,11.3,0,0,,,,
14828,14828,Chris Hogan,NO,WR,530.2,436.5,6.0,13.3,11.3,0,0,,,,
21773,21773,Eno Benjamin,ARI,RB,531.3,469.2,12.0,0.0,11.9,0,0,,,,
20679,20679,KhaDarel Hodge,CLE,WR,532.4,437.7,13.0,20.3,10.9,0,0,,,,
21725,21725,Trishton Jackson,LAR,WR,533.5,389.2,11.0,0.0,10.9,0,0,,,,
21775,21775,Rodney Smith,CAR,RB,534.7,473.8,13.0,31.0,11.5,0,0,,,,
19209,19209,Patrick Ricard,BAL,RB,535.8,415.1,8.0,10.7,11.4,0,0,,,,
18811,18811,Mitchell Trubisky,BUF,QB,536.9,508.7,7.0,173.4,35.6,0,0,161.0,,,
21742,21742,Antonio Gandy-Golden,WAS,WR,538.1,420.7,9.0,3.2,10.5,0,0,,,,
21734,21734,Nick Westbrook-Ikhine,TEN,WR,539.2,442.2,13.0,6.7,10.5,0,0,,,,
22622,22622,Racey McMath,TEN,WR,540.3,430.9,13.0,0.0,10.4,0,0,,,,
21783,21783,Harrison Bryant,CLE,TE,541.4,448.9,13.0,42.6,43.2,0,0,,,,
20566,20566,Dontrell Hilliard,HOU,RB,542.6,477.1,10.0,6.4,10.9,0,0,254.0,,,
22620,22620,Mike Strachan,IND,WR,543.7,426.4,14.0,0.0,10.2,0,0,,,,
21718,21718,Joe Reed,LAC,WR,544.8,456.8,7.0,10.0,10.2,0,0,,,,
22615,22615,Kawaan Baker,NO,WR,546.0,438.8,6.0,0.0,10.1,0,0,,,,
13275,13275,Kyle Rudolph,NYG,TE,547.1,447.8,10.0,42.2,41.9,0,0,140.0,,,
16593,16593,Cameron Brate,TB,TE,548.2,450.1,9.0,45.3,41.1,0,0,213.0,,,
21737,21737,Tyrie Cleveland,DEN,WR,549.3,433.2,11.0,8.0,11.1,0,0,,,,
13791,13791,Lamar Miller,WAS,RB,550.5,494.1,9.0,0.8,10.5,0,0,96.0,,,
16931,16931,Nick Boyle,BAL,TE,551.6,454.6,8.0,26.3,40.2,0,0,,,,
18030,18030,Chris Moore,HOU,WR,552.7,461.4,10.0,0.0,10.8,0,0,180.0,,,
21952,21952,Rico Dowdle,DAL,RB,553.8,480.5,7.0,3.1,10.2,0,0,,,,
19626,19626,Dare Ogunbowale,JAX,RB,555.0,446.7,7.0,22.4,10.2,0,0,237.0,,,
18209,18209,Marcus Johnson,TEN,WR,556.1,472.6,13.0,28.8,10.7,0,0,,,,
21078,21078,Jeff Smith,NYJ,WR,557.2,452.3,6.0,18.8,10.7,0,0,,,,
19064,19064,Trent Taylor,CIN,WR,558.4,439.9,10.0,10.9,10.6,0,0,,,,
16191,16191,Chris Boswell,PIT,K,559.5,522.3,7.0,104.9,139.0,0,0,222.0,,,
22608,22608,Seth Williams,DEN,WR,560.6,470.4,11.0,0.0,10.5,0,0,,,,
21794,21794,Albert Okwuegbunam,DEN,TE,561.7,459.1,11.0,20.4,38.8,0,0,,,,
20905,20905,Donald Parham Jr.,LAC,TE,562.9,471.5,7.0,38.2,38.8,0,0,,,,
16301,16301,Cairo Santos,CHI,K,564.0,524.5,10.0,146.6,137.3,0,0,,,,
21519,21519,Joey Slye,CAR,K,565.1,527.9,13.0,137.6,136.6,0,0,,,,
10333,10333,Graham Gano,NYG,K,566.3,529.0,10.0,139.9,136.3,1,1,232.0,,,
19317,19317,Victor Bolden,DET,WR,567.4,458.0,9.0,1.3,10.4,0,0,,,,
14867,14867,Dustin Hopkins,WAS,K,568.5,530.2,9.0,129.7,136.0,0,0,254.0,,,
16236,16236,Cody Parkey,CLE,K,569.6,533.5,13.0,112.8,134.3,3,3,,,,
17139,17139,Josh Lambo,JAX,K,570.8,534.7,7.0,30.5,133.9,0,0,223.0,,,
19281,19281,Jacob Hollister,BUF,TE,571.9,460.2,7.0,46.1,37.6,0,0,,,,
20325,20325,Greg Joseph,MIN,K,573.0,538.1,7.0,0.0,131.9,0,0,,,,
11694,11694,Nick Folk,NE,K,574.2,539.2,14.0,126.3,131.6,0,0,,,,
22544,22544,Pooka Williams Jr.,CIN,RB,575.3,504.2,10.0,0.0,10.6,0,0,,,,
19044,19044,Jamal Agnew,JAX,WR,576.4,462.5,7.0,11.5,9.8,0,0,,,,
18215,18215,Ka'imi Fairbairn,HOU,K,577.5,544.8,10.0,142.1,127.7,0,0,170.0,,,
19041,19041,Jake Elliott,PHI,K,578.7,547.1,14.0,79.0,125.9,0,0,193.0,,,
22507,22507,Pat Freiermuth,PIT,TE,579.8,474.9,7.0,0.0,35.4,0,0,,,,
18735,18735,Sam Ficken,TEN,K,580.9,549.3,13.0,59.8,123.4,0,0,,,,
16933,16933,James O'Shaughnessy,JAX,TE,582.0,467.0,7.0,29.6,34.6,0,0,,,,
15974,15974,Jordan Matthews,SF,TE,583.2,455.7,6.0,0.0,34.3,0,0,,,,
20886,20886,Stanley Morgan,CIN,WR,584.3,451.2,10.0,0.0,9.3,0,0,,,,
22908,22908,Evan McPherson,CIN,K,585.4,553.8,10.0,0.0,119.1,0,0,,,,
21837,21837,J.J. Taylor,NE,RB,586.6,521.1,14.0,12.9,9.6,0,0,,,,
20931,20931,Drew Sample,CIN,TE,587.7,465.9,10.0,43.9,33.5,0,0,,,,
18971,18971,Taywan Taylor,HOU,WR,588.8,468.1,10.0,0.0,9.0,0,0,,,,
16816,16816,Maxx Williams,ARI,TE,589.9,483.9,12.0,18.3,33.1,0,0,,,,
13961,13961,Randy Bullock,DET,K,591.1,557.2,9.0,104.9,117.5,0,0,,,,
22633,22633,Isaiah McKoy,PIT,WR,592.2,478.3,7.0,0.0,8.9,0,0,,,,
19072,19072,Alex Armah,NO,RB,593.3,489.6,6.0,3.4,9.4,0,0,,,,
17179,17179,Taylor Heinicke,WAS,QB,594.5,558.4,9.0,13.2,26.3,0,0,,,,
20103,20103,Reggie Bonnafon,CAR,RB,595.6,503.1,13.0,16.6,9.3,0,0,,,,
22548,22548,Gerrid Doaks,MIA,RB,596.7,502.0,14.0,0.0,9.2,0,0,,,,
22494,22494,Kyle Trask,TB,QB,597.8,560.6,9.0,0.0,25.4,0,0,,,,
22506,22506,Brevin Jordan,HOU,TE,599.0,486.2,10.0,0.0,30.8,0,0,,,,
21714,21714,K.J. Osborn,MIN,WR,600.1,499.7,7.0,0.0,8.3,0,0,,,,
22126,22126,Ty'Son Williams,BAL,RB,601.2,561.7,8.0,0.0,8.8,0,0,,,,
21071,21071,Greg Dortch,ARI,WR,602.4,491.8,12.0,-2.3,8.3,0,0,,,,
19021,19021,Chad Hansen,DET,WR,603.5,496.3,9.0,33.4,8.3,0,0,,,,
22425,22425,Tucker McCann,TEN,K,604.6,566.3,13.0,0.0,108.2,0,0,,,,
17005,17005,Geoff Swaim,TEN,TE,605.7,490.7,13.0,16.1,29.6,0,0,289.0,,,
22645,22645,Simi Fehoko,DAL,WR,606.9,487.3,7.0,0.0,8.0,0,0,,,,
20398,20398,Equanimeous St. Brown,GB,WR,608.0,500.8,13.0,20.8,7.9,0,0,,,,
22635,22635,Jalen Camp,JAX,WR,609.1,492.9,7.0,0.0,7.9,0,0,,,,
18019,18019,Nick Vannett,NO,TE,610.2,509.9,6.0,17.5,29.1,0,0,,,,
19755,19755,River Cracraft,SF,WR,611.4,476.0,6.0,5.2,7.9,0,0,,,,
21760,21760,Isaiah Hodgins,BUF,WR,612.5,497.4,7.0,0.0,7.8,0,0,,,,
21211,21211,Patrick Laird,MIA,RB,613.6,498.6,14.0,13.5,8.3,0,0,,,,
20884,20884,Foster Moreau,LV,TE,614.8,514.4,8.0,29.3,28.6,0,0,,,,
22612,22612,Tre Nixon,NE,WR,615.9,488.4,14.0,0.0,7.7,0,0,,,,
22514,22514,Kenny Yeboah,NYJ,TE,617.0,516.6,6.0,0.0,26.7,0,0,,,,
22683,22683,Jacob Harris,LAR,TE,618.1,505.3,11.0,0.0,26.3,0,0,,,,
21749,21749,Isaiah Zuber,NE,WR,619.3,506.5,14.0,6.4,7.1,0,0,,,,
611,611,Joe Flacco,PHI,QB,620.4,583.2,14.0,61.8,20.7,0,0,206.0,,,
12787,12787,Nick Bellore,SEA,RB,621.5,507.6,9.0,1.8,7.2,0,0,,,,
21963,21963,Omar Bayless,CAR,WR,622.7,515.5,13.0,0.0,6.8,0,0,,,,
20925,20925,Riley Ridley,CHI,WR,623.8,517.8,10.0,5.0,6.6,0,0,,,,
20361,20361,Ross Dwelley,SF,TE,624.9,523.4,6.0,34.4,23.9,0,0,,,,
18018,18018,Jacoby Brissett,MIA,QB,626.0,589.9,14.0,23.2,18.9,0,0,193.0,,,
15247,15247,Darren Fells,DET,TE,627.2,532.4,9.0,62.3,23.3,0,0,,,,
19176,19176,Darrell Daniels,ARI,TE,628.3,536.9,12.0,17.1,23.2,0,0,,,,
20296,20296,Jester Weah,CHI,WR,629.4,512.1,10.0,0.0,6.2,0,0,,,,
20040,20040,Trenton Cannon,CAR,RB,630.6,550.5,13.0,6.2,6.6,0,0,,,,
20487,20487,Brandon Powell,BUF,WR,631.7,531.3,7.0,19.9,6.2,0,0,,,,
18931,18931,Adam Shaheen,MIA,TE,632.8,542.6,14.0,37.2,22.9,0,0,,,,
3061,3061,Marcedes Lewis,GB,TE,633.9,541.4,13.0,32.4,22.7,0,0,,,,
19910,19910,Ian Thomas,CAR,TE,635.1,513.2,13.0,23.1,22.2,0,0,254.0,,,
21758,21758,K.J. Hill Jr.,LAC,WR,636.2,511.0,7.0,6.7,6.0,0,0,,,,
22823,22823,Kylen Granson,IND,TE,637.3,540.3,14.0,0.0,21.9,0,0,,,,
21862,21862,Austin Mack,NYG,WR,638.4,526.8,10.0,10.3,5.7,0,0,,,,
19943,19943,Durham Smythe,MIA,TE,639.6,535.8,14.0,37.0,20.8,0,0,,,,
16253,16253,Allen Hurns,MIA,WR,640.7,555.0,14.0,0.0,5.6,0,0,,,,
20952,20952,Jace Sternberger,GB,TE,641.8,552.7,13.0,19.6,20.2,0,0,259.0,,,
22509,22509,Hunter Long,MIA,TE,643.0,551.6,14.0,0.0,20.1,0,0,,,,
20722,20722,Diontae Spencer,DEN,WR,644.1,543.7,11.0,5.7,5.4,0,0,,,,
21114,21114,Austin Seibert,CIN,K,645.2,606.9,10.0,29.3,70.4,0,0,,,,
20946,20946,Kaden Smith,NYG,TE,646.3,520.0,10.0,12.6,19.6,0,0,,,,
16378,16378,Keith Smith,ATL,RB,647.5,565.1,6.0,8.4,5.6,0,0,,,,
21755,21755,Isaiah Wright,WAS,WR,648.6,518.9,9.0,21.8,5.3,0,0,,,,
19304,19304,Pharaoh Brown,HOU,TE,649.7,564.0,10.0,31.9,19.1,0,0,,,,
11565,11565,Andre Roberts,HOU,WR,650.9,546.0,10.0,-1.0,5.2,0,0,,,,
21965,21965,James Morgan,NYJ,QB,652.0,610.2,6.0,0.0,15.3,0,0,,,,
19850,19850,Mason Rudolph,PIT,QB,653.1,611.4,7.0,20.7,15.3,0,0,,,,
16846,16846,Tyler Kroft,NYJ,TE,654.2,567.4,6.0,33.7,18.8,0,0,,,,
22631,22631,Blake Proehl,MIN,WR,655.4,548.2,7.0,0.0,5.0,0,0,,,,
21158,21158,Matt Sokol,LAC,TE,656.5,568.5,7.0,0.0,18.0,0,0,,,,
23075,23075,Chris Naggar,NYJ,K,657.6,615.9,6.0,0.0,64.0,0,0,,,,
20318,20318,Buddy Howell,HOU,RB,658.8,559.5,10.0,8.5,5.2,0,0,,,,
21793,21793,Mike Warren II,DET,RB,659.9,569.6,9.0,0.0,5.1,0,0,,,,
22206,22206,Reggie Gilliam,BUF,TE,661.0,574.2,7.0,9.7,17.8,0,0,,,,
18118,18118,Brandon Allen,CIN,QB,662.1,619.3,10.0,56.1,14.3,0,0,,,,
16928,16928,Michael Burton,KC,RB,663.3,576.4,12.0,5.9,5.1,0,0,,,,
19957,19957,John Kelly,CLE,RB,664.4,622.7,13.0,1.1,5.0,0,0,,,,
21310,21310,Khari Blasingame,TEN,RB,665.5,556.1,13.0,5.0,4.9,0,0,,,,
17762,17762,Chris Manhertz,JAX,TE,666.6,571.9,7.0,6.6,16.9,0,0,,,,
22205,22205,Antonio Williams,BUF,RB,667.8,617.0,7.0,22.9,4.8,0,0,,,,
19330,19330,Nick Mullens,PHI,QB,668.9,626.0,14.0,131.2,13.3,0,0,,,,
19191,19191,P.J. Walker,CAR,QB,670.0,627.2,13.0,10.8,13.2,0,0,,,,
22310,22310,Gabe Nabers,LAC,RB,671.2,580.9,7.0,17.1,4.7,0,0,,,,
14985,14985,Ryan Griffin,NYJ,TE,672.3,573.0,6.0,10.9,16.4,0,0,,,,
2405,2405,Chad Henne,KC,QB,673.4,628.3,12.0,26.8,13.2,0,0,,,,
18123,18123,Jeff Driskel,HOU,QB,674.5,630.6,10.0,33.9,12.8,0,0,,,,
16491,16491,Richard Rodgers,PHI,TE,675.7,585.4,14.0,52.5,15.9,0,0,,,,
21771,21771,Devin Asiasi,NE,TE,676.8,578.7,14.0,11.2,15.8,0,0,,,,
21808,21808,Dalton Keene,NE,TE,677.9,562.9,14.0,2.0,15.8,0,0,,,,
21795,21795,Luke Farrell,JAX,TE,679.1,570.8,7.0,0.0,15.7,0,0,,,,
20069,20069,Ryan Izzo,HOU,TE,680.2,584.3,10.0,20.2,15.6,0,0,,,,
20703,20703,John Wolford,LAR,QB,681.3,631.7,11.0,14.5,12.5,0,0,,,,
22527,22527,A.J. Rose Jr.,MIN,RB,682.4,587.7,7.0,0.0,4.5,0,0,,,,
20974,20974,Kahale Warring,HOU,TE,683.6,575.3,10.0,4.5,15.5,0,0,,,,
18115,18115,Derek Watt,PIT,RB,684.7,602.4,7.0,0.0,4.4,0,0,,,,
20874,20874,Trace McSorley,BAL,QB,685.8,633.9,8.0,10.5,12.1,0,0,,,,
22662,22662,Tommy Tremble,CAR,TE,687.0,577.5,13.0,0.0,15.0,0,0,,,,
21815,21815,Sam Ehlinger,IND,QB,688.1,635.1,14.0,0.0,12.0,0,0,,,,
11196,11196,Tim Tebow,JAX,TE,689.2,593.3,7.0,13.3,14.6,0,0,,,,
13887,13887,Travis Benjamin,SF,WR,690.3,600.1,6.0,0.0,3.9,0,0,293.0,,,
15201,15201,Mike Glennon,NYG,QB,691.5,638.4,10.0,68.3,11.4,0,0,,,,
18617,18617,Elijhaa Penny,NYG,RB,692.6,601.2,10.0,4.5,4.0,0,0,,,,
18093,18093,Andy Janovich,CLE,RB,693.7,582.0,13.0,2.2,3.9,0,0,,,,
19023,19023,Mack Hollins,MIA,WR,694.8,592.2,14.0,24.4,3.7,0,0,,,,
20081,20081,Trent Sherfield,SF,WR,696.0,586.6,6.0,6.4,3.6,0,0,,,,
21683,21683,Hunter Bryant,DET,TE,697.1,591.1,9.0,5.6,13.3,0,0,,,,
22497,22497,Ian Book,NO,QB,698.2,643.0,6.0,0.0,10.6,0,0,,,,
20904,20904,Devine Ozigbo,JAX,RB,699.4,596.7,7.0,5.5,3.8,0,0,,,,
18361,18361,Chester Rogers,TEN,WR,700.5,599.0,13.0,33.5,3.5,0,0,,,,
16919,16919,J.J. Nelson,IND,WR,701.6,605.7,14.0,10.8,3.5,0,0,,,,
12982,12982,Blaine Gabbert,TB,QB,702.7,647.5,9.0,17.3,10.4,0,0,,,,
21678,21678,Brycen Hopkins,LAR,TE,703.9,595.6,11.0,0.0,12.8,0,0,,,,
21100,21100,Jakob Johnson,NE,RB,705.0,579.8,14.0,10.7,3.7,0,0,,,,
19200,19200,C.J. Board,NYG,WR,706.1,588.8,10.0,11.7,3.4,0,0,,,,
18039,18039,Pharoh Cooper,JAX,WR,707.3,594.5,7.0,9.3,3.3,0,0,,,,
16920,16920,Jesse James,CHI,TE,708.4,597.8,10.0,28.1,12.2,0,0,275.0,,,
20283,20283,Tim Boyle,DET,QB,709.5,652.0,9.0,-1.0,10.8,0,0,,,,
19165,19165,Johnny Mundt,LAR,TE,710.6,604.6,11.0,6.7,11.7,0,0,,,,
20053,20053,Kyle Allen,WAS,QB,711.8,654.2,9.0,50.8,10.5,0,0,,,,
18152,18152,Dwayne Washington,NO,RB,712.9,632.8,6.0,1.9,3.3,0,0,,,,
21782,21782,Jonathan Ward,ARI,RB,714.0,639.6,12.0,9.0,3.3,0,0,,,,
22512,22512,Tre' McKitty,LAC,TE,715.2,608.0,7.0,0.0,11.5,0,0,,,,
21785,21785,Noah Gray,KC,TE,716.3,603.5,12.0,0.0,11.2,0,0,,,,
21676,21676,Jared Pinkney,TEN,TE,717.4,612.5,13.0,0.0,11.2,0,0,,,,
21955,21955,Thaddeus Moss,CIN,TE,718.5,609.1,10.0,0.0,11.0,0,0,,,,
19494,19494,Evan Baylis,KC,TE,719.7,613.6,12.0,0.0,11.0,0,0,,,,
11047,11047,Colt McCoy,ARI,QB,720.8,659.9,12.0,20.5,10.0,0,0,,,,
21278,21278,Stephen Carlson,CLE,TE,721.9,629.4,13.0,3.9,10.6,0,0,,,,
16621,16621,Garrett Gilbert,DAL,QB,723.0,666.6,7.0,16.4,9.5,0,0,,,,
19779,19779,Brandon Zylstra,CAR,WR,724.2,618.1,13.0,4.6,2.8,0,0,,,,
21798,21798,Josiah Deguara,GB,TE,725.3,621.5,13.0,1.5,10.3,0,0,,,,
21807,21807,Colby Parkinson,SEA,TE,726.4,623.8,9.0,2.0,10.3,0,0,,,,
19969,19969,Damion Ratley,DET,WR,727.6,614.8,9.0,8.0,2.7,0,0,,,,
20984,20984,Dexter Williams,GB,RB,728.7,657.6,13.0,1.0,2.9,0,0,262.0,,,
20954,20954,Jarrett Stidham,NE,QB,729.8,672.3,14.0,14.6,9.1,0,0,,,,
21220,21220,Jake Dolegala,NE,QB,730.9,673.4,14.0,0.0,9.0,0,0,,,,
22657,22657,John Bates,WAS,TE,732.1,620.4,9.0,0.0,10.8,0,0,,,,
9902,9902,Chase Daniel,LAC,QB,733.2,679.1,7.0,13.7,8.4,0,0,,,,
16878,16878,Blake Bell,KC,TE,734.3,624.9,12.0,12.6,10.4,0,0,,,,
13723,13723,Nick Foles,CHI,QB,735.5,681.3,10.0,117.5,8.3,0,0,190.0,,,
20957,20957,Tommy Sweeney,BUF,TE,736.6,640.7,7.0,0.0,10.3,0,0,,,,
21962,21962,Malcolm Perry,MIA,WR,737.7,649.7,14.0,17.7,2.5,0,0,,,,
22177,22177,Chris Rowland,ATL,WR,738.8,637.3,6.0,0.0,2.4,0,0,,,,
20020,20020,Jordan Thomas,IND,TE,740.0,636.2,14.0,8.0,10.0,0,0,284.0,,,
20795,20795,Dwayne Haskins,PIT,QB,741.1,687.0,7.0,76.9,7.9,0,0,204.0,,,
22154,22154,Samuel Sloman,PIT,K,742.2,690.3,7.0,59.8,29.9,0,0,,,,
14895,14895,Geno Smith,SEA,QB,743.4,691.5,9.0,1.4,7.6,0,0,,,,
16116,16116,AJ McCarron,ATL,QB,744.5,694.8,6.0,1.0,7.5,0,0,,,,
18262,18262,Stephen Anderson,LAC,TE,745.6,645.2,7.0,12.0,9.3,0,0,,,,
21277,21277,David Blough,DET,QB,746.7,697.1,9.0,2.2,7.4,0,0,,,,
23080,23080,Quinn Nordin,NE,K,747.9,699.4,14.0,0.0,28.7,0,0,,,,
21866,21866,Chris Streveler,ARI,QB,749.0,701.6,12.0,9.8,7.1,0,0,,,,
15640,15640,Derek Carrier,LV,TE,750.1,646.3,8.0,1.8,8.8,0,0,,,,
15694,15694,Case Keenum,CLE,QB,751.2,705.0,13.0,2.3,7.1,0,0,252.0,,,
22119,22119,Charlie Woerner,SF,TE,752.4,641.8,6.0,4.6,8.7,0,0,,,,
20899,20899,Josh Oliver,BAL,TE,753.5,650.9,8.0,1.9,8.2,0,0,,,,
21810,21810,Tyler Huntley,BAL,QB,754.6,716.3,8.0,3.7,6.6,0,0,,,,
20563,20563,Nick Keizer,KC,TE,755.8,644.1,12.0,5.5,8.1,0,0,,,,
21169,21169,Malik Taylor,GB,WR,756.9,648.6,13.0,15.2,1.9,0,0,,,,
17965,17965,C.J. Prosise,TB,RB,758.0,653.1,9.0,9.8,2.0,0,0,,,,
18498,18498,J.P. Holtz,CHI,TE,759.1,663.3,10.0,0.0,7.7,0,0,,,,
21227,21227,Andrew Beck,DEN,TE,760.3,661.0,11.0,0.0,7.7,0,0,,,,
19415,19415,Jason Croom,PHI,TE,761.4,662.1,14.0,8.0,7.5,0,0,,,,
21817,21817,Kellen Mond,MIN,QB,762.5,724.2,7.0,0.0,6.0,0,0,,,,
22340,22340,Matt Cole,NYJ,WR,763.7,665.5,6.0,0.0,1.8,0,0,,,,
22498,22498,Feleipe Franks,ATL,QB,764.8,727.6,6.0,0.0,5.9,0,0,,,,
21203,21203,Matthew Wright,DET,K,765.9,730.9,9.0,21.4,22.6,0,0,,,,
12777,12777,Lee Smith,ATL,TE,767.0,670.0,6.0,17.5,7.1,0,0,,,,
17750,17750,Ross Travis,ARI,TE,768.2,668.9,12.0,0.0,7.0,0,0,,,,
19067,19067,Jeremy Sprinkle,DAL,TE,769.3,667.8,7.0,0.8,7.0,0,0,,,,
18868,18868,DeShone Kizer,TEN,QB,770.4,736.6,13.0,0.0,5.6,0,0,,,,
20684,20684,Malik Turner,DAL,WR,771.6,658.8,7.0,0.0,1.7000000000000002,0,0,,,,
18073,18073,Jonathan Williams,WAS,RB,772.7,671.2,9.0,0.8,1.8,0,0,,,,
21542,21542,Chase McLaughlin,CLE,K,773.8,741.1,13.0,21.4,21.7,0,0,,,,
17219,17219,Daniel Brown,NYJ,TE,774.9,677.9,6.0,3.9,6.9,0,0,,,,
20055,20055,Logan Woodside,TEN,QB,776.1,742.2,13.0,1.6,5.4,0,0,,,,
20662,20662,Jaeden Graham,ATL,TE,777.2,676.8,6.0,3.2,6.6,0,0,,,,
20079,20079,Trey Quinn,LV,WR,778.3,656.5,8.0,0.0,1.6,0,0,237.0,,,
21959,21959,Dezmon Patmon,IND,WR,779.4,664.4,14.0,0.0,1.5,0,0,,,,
21161,21161,Brandon Dillon,MIN,TE,780.6,682.4,7.0,0.8,6.2,0,0,,,,
20770,20770,Zach Gentry,PIT,TE,781.7,675.7,7.0,0.0,6.2,0,0,,,,
20295,20295,Vyncint Smith,NYJ,WR,782.8,655.4,6.0,1.7000000000000002,1.5,0,0,,,,
18973,18973,C.J. Beathard,JAX,QB,784.0,751.2,7.0,59.0,4.9,0,0,,,,
22863,22863,Riley Patterson,MIN,K,785.1,752.4,7.0,0.0,18.2,0,0,,,,
22667,22667,Zach Davidson,MIN,TE,786.2,674.5,7.0,0.0,5.6,0,0,,,,
17218,17218,DeAndre Carter,WAS,WR,787.3,683.6,9.0,-1.4,1.3,0,0,,,,
21849,21849,Caleb Huntley,ATL,RB,788.5,680.2,6.0,0.0,1.4,0,0,,,,
20106,20106,Ryan Nall,CHI,RB,789.6,684.7,10.0,14.3,1.4,0,0,,,,
21828,21828,Jake Fromm,BUF,QB,790.7,759.1,7.0,0.0,4.1,0,0,,,,
19917,19917,Antonio Callaway,KC,WR,791.9,703.9,12.0,2.5,1.2,0,0,262.0,,,
21178,21178,Jason Moore,LAC,WR,793.0,696.0,7.0,0.0,1.2,0,0,,,,
21513,21513,Darrius Shepherd,KC,WR,794.1,685.8,12.0,3.3,1.2,0,0,,,,
19973,19973,Troy Fumagalli,NE,TE,795.2,710.6,14.0,15.8,4.9,0,0,,,,
21072,21072,Keelan Doss,LV,WR,796.4,698.2,8.0,0.0,1.2,0,0,,,,
20328,20328,Jeff Badet,ATL,WR,797.5,688.1,6.0,0.0,1.2,0,0,,,,
22441,22441,Nathan Cottrell,JAX,RB,798.6,692.6,7.0,0.0,1.2,0,0,,,,
21240,21240,Damarea Crockett,DEN,RB,799.8,693.7,11.0,0.0,1.2,0,0,262.0,,,
19811,19811,Marcell Ateman,LV,WR,800.9,708.4,8.0,10.8,1.2,0,0,,,,
18896,18896,Cyril Grayson,TB,WR,802.0,689.2,9.0,0.0,1.1,0,0,,,,
22284,22284,Ben Ellefson,JAX,TE,803.1,721.9,7.0,3.8,4.7,0,0,,,,
20865,20865,Alizé Mack,DET,TE,804.3,706.1,9.0,0.0,4.7,0,0,,,,
20250,20250,Robert Foster,MIA,WR,805.4,711.8,14.0,4.7,1.1,0,0,256.0,,,
20935,20935,Jordan Scarlett,MIA,RB,806.5,700.5,14.0,1.1,1.2,0,0,289.0,,,
21312,21312,Alexander Hollins,CLE,WR,807.6,714.0,13.0,0.0,1.1,0,0,,,,
20477,20477,Derrick Willies,CLE,WR,808.8,715.2,13.0,0.0,1.1,0,0,,,,
17914,17914,Laquon Treadwell,JAX,WR,809.9,707.3,7.0,19.1,1.1,0,0,,,,
16768,16768,Kevin White,SF,WR,811.0,718.5,6.0,0.0,1.0,0,0,,,,
21126,21126,Cullen Gillaspia,NYG,RB,812.2,702.7,10.0,0.8,1.1,0,0,,,,
21856,21856,Scottie Phillips,HOU,RB,813.3,712.9,10.0,2.0,1.1,0,0,,,,
19671,19671,Fred Brown,TEN,WR,814.4,720.8,13.0,0.0,1.0,0,0,,,,
13063,13063,Taiwan Jones,BUF,RB,815.5,749.0,7.0,0.0,1.1,0,0,,,,
21818,21818,Shane Buechele,KC,QB,816.7,769.3,12.0,0.0,3.4,0,0,,,,
19075,19075,Mason Schreck,CIN,TE,817.8,740.0,10.0,0.0,4.2,0,0,,,,
21796,21796,Noah Togiai,IND,TE,818.9,734.3,14.0,0.0,4.2,0,0,,,,
22477,22477,Dominique Dafney,GB,TE,820.1,743.4,13.0,10.9,4.2,0,0,,,,
20149,20149,Eddy Piñeiro,IND,K,821.2,770.4,14.0,112.8,12.9,0,0,,,,
19109,19109,Elijah McGuire,KC,RB,822.3,733.2,12.0,0.0,1.0,0,0,272.0,,,
20993,20993,Caleb Wilson,PHI,TE,823.4,738.8,14.0,0.0,4.0,0,0,,,,
21764,21764,Jason Huntley,PHI,RB,824.6,709.5,14.0,2.4,1.0,0,0,,,,
21846,21846,Levante Bellamy,DEN,RB,825.7,725.3,11.0,2.0,1.0,0,0,,,,
19035,19035,Eric Saubert,DEN,TE,826.8,732.1,11.0,2.0,3.8,0,0,,,,
19219,19219,Cethan Carter,MIA,TE,828.0,735.5,14.0,6.7,3.8,0,0,,,,
21514,21514,Austin Walter,NYJ,RB,829.1,728.7,6.0,3.8,1.0,0,0,,,,
22902,22902,Ben Mason,BAL,TE,830.2,723.0,8.0,0.0,3.8,0,0,,,,
19008,19008,Ryan Switzer,CLE,WR,831.3,719.7,13.0,0.0,0.9,0,0,,,,
21349,21349,Ashton Dulin,IND,WR,832.5,737.7,14.0,8.1,0.9,0,0,,,,
21848,21848,Artavis Pierce,CHI,RB,833.6,729.8,10.0,10.6,1.0,0,0,,,,
21842,21842,Adrian Killins Jr.,PHI,RB,834.7,717.4,14.0,-1.1,0.9,0,0,,,,
20071,20071,Keith Kirkwood,CAR,WR,835.8,726.4,13.0,1.7000000000000002,0.9,0,0,,,,
15378,15378,Levine Toilolo,NYG,TE,837.0,747.9,10.0,5.9,3.5,0,0,,,,
22345,22345,Dan Chisena,MIN,WR,838.1,750.1,7.0,0.0,0.8,0,0,,,,
19358,19358,Gehrig Dieter,KC,WR,839.2,744.5,12.0,1.3,0.8,0,0,,,,
22213,22213,Kendall Hinton,DEN,WR,840.4,774.9,11.0,-3.1,0.8,0,0,,,,
17415,17415,Matt LaCosse,NE,TE,841.5,746.7,14.0,0.0,3.3,0,0,263.0,,,
21723,21723,James Proche II,BAL,WR,842.6,745.6,8.0,1.8,0.8,0,0,,,,
19184,19184,JoJo Natson,CLE,WR,843.7,756.9,13.0,0.4,0.8,0,0,,,,
18094,18094,Temarrick Hemingway,WAS,TE,844.9,758.0,9.0,1.3,3.1,0,0,,,,
20977,20977,Trevon Wesco,NYJ,TE,846.0,761.4,6.0,0.6000000000000001,2.8,0,0,,,,
16903,16903,MyCole Pruitt,SF,TE,847.1,772.7,6.0,19.1,2.8,0,0,,,,
19006,19006,Josh Malone,NYJ,WR,848.3,753.5,6.0,3.6,0.7000000000000001,0,0,,,,
20506,20506,Tanner Hudson,TB,TE,849.4,765.9,9.0,5.2,2.7,0,0,,,,
22915,22915,Sammis Reyes,WAS,TE,850.5,762.5,9.0,0.0,2.7,0,0,,,,
20970,20970,John Ursua,SEA,WR,851.6,754.6,9.0,1.4,0.6000000000000001,0,0,,,,
21728,21728,Lawrence Cager,NYJ,WR,852.8,755.8,6.0,4.5,0.6000000000000001,0,0,,,,
22244,22244,Ja'Marcus Bradley,CLE,WR,853.9,763.7,13.0,7.6,0.6000000000000001,0,0,,,,
19280,19280,Cody Hollister,TEN,WR,855.0,764.8,13.0,1.5,0.6000000000000001,0,0,,,,
20929,20929,Brett Rypien,DEN,QB,856.2,779.4,11.0,12.7,1.8,0,0,,,,
20812,20812,Jesper Horsted,CHI,TE,857.3,771.6,10.0,14.3,2.1,0,0,,,,
13370,13370,Luke Stocker,TEN,TE,858.4,767.0,13.0,8.0,2.1,0,0,,,,
16907,16907,Brett Hundley,IND,QB,859.5,781.7,14.0,0.0,1.6,0,0,,,,
19410,19410,Ricky Seals-Jones,WAS,TE,860.7,776.1,9.0,0.0,2.0,0,0,297.0,,,
18666,18666,Duke Williams,BUF,WR,861.8,760.3,7.0,0.0,0.4,0,0,,,,
20893,20893,Isaac Nauta,GB,TE,862.9,777.2,13.0,0.4,1.8,0,0,,,,
17223,17223,Eric Tomlinson,BAL,TE,864.0,778.3,8.0,0.0,1.7000000000000002,0,0,,,,
20779,20779,Will Grier,CAR,QB,865.2,789.6,13.0,0.0,1.1,0,0,,,,
21823,21823,Patrick Taylor,GB,RB,866.3,786.2,13.0,0.0,0.30000000000000004,0,0,,,,
18401,18401,Tommylee Lewis,NO,WR,867.4,780.6,6.0,2.4,0.30000000000000004,0,0,,,,
19579,19579,Tyrone Swoopes,WAS,TE,868.6,782.8,9.0,0.6000000000000001,1.0,0,0,,,,
20134,20134,Kevin Rader,PIT,TE,869.7,785.1,7.0,0.0,0.9,0,0,,,,
21774,21774,Tony Jones Jr.,NO,RB,870.8,784.0,6.0,1.7000000000000002,0.2,0,0,,,,
19542,19542,Colin Thompson,CAR,TE,871.9,787.3,13.0,8.5,0.7000000000000001,0,0,,,,
19335,19335,Antony Auclair,HOU,TE,873.1,790.7,10.0,0.0,0.7000000000000001,0,0,,,,
21781,21781,Sean McKeon,DAL,TE,874.2,791.9,7.0,0.0,0.7000000000000001,0,0,,,,
21295,21295,Nsimba Webster,SF,WR,875.3,768.2,6.0,-2.3,0.1,0,0,,,,
17289,17289,Jake Kumerow,BUF,WR,876.5,793.0,7.0,10.4,0.1,0,0,291.0,,,
21780,21780,Jake Breeland,BAL,TE,877.6,794.1,8.0,0.0,0.5,0,0,,,,
19461,19461,Cooper Rush,DAL,QB,878.7,796.4,7.0,0.0,0.1,0,0,,,,
19025,19025,Joshua Dobbs,PIT,QB,879.8,797.5,7.0,2.6,0.1,0,0,,,,
22138,22138,Tyler Davis,JAX,TE,881.0,788.5,7.0,0.0,0.1,0,0,,,,
20044,20044,Alex McGough,SEA,QB,882.1,798.6,9.0,0.0,0.1,0,0,,,,
22658,22658,Shaun Beyer,DEN,TE,883.2,795.2,11.0,0.0,0.1,0,0,,,,
15190,15190,Ryan Griffin,TB,QB,884.4,799.8,9.0,0.0,0.1,0,0,,,,
20037,20037,Danny Etling,MIN,QB,885.5,800.9,7.0,0.0,0.1,0,0,,,,
20953,20953,Easton Stick,LAC,QB,886.6,802.0,7.0,0.0,0.0,0,0,,,,
19763,19763,Josh Rosen,SF,QB,887.7,803.1,6.0,0.0,0.0,0,0,228.0,,,
19924,19924,Ito Smith,,RB,888.9,804.3,,45.5,0.0,0,0,178.0,,,
20743,20743,Ryquell Armstead,,RB,890.0,805.4,,0.0,0.0,0,0,237.0,,,
14918,14918,Tyler Eifert,,TE,891.1,806.5,,52.9,0.0,0,0,188.0,,,
8355,8355,Julian Edelman,,WR,892.2,808.8,,39.7,0.0,0,0,51.0,,,
19732,19732,Rashard Davis,,WR,893.4,809.9,,2.0,0.0,0,0,,,,
21814,21814,Jake Luton,JAX,QB,938.5,855.0,7.0,31.9,0.0,0,0,,,,
20759,20759,Ryan Finley,,QB,939.6,856.2,,21.6,0.0,0,0,,,,
22146,22146,Ben DiNucci,DAL,QB,940.8,857.3,7.0,8.9,0.0,0,0,,,,
17009,17009,Trevor Siemian,NO,QB,941.9,858.4,6.0,0.0,0.0,0,0,,,,
21822,21822,Cole McDonald,,QB,943.0,859.5,,0.0,0.0,0,0,,,,
21812,21812,Nate Stanley,MIN,QB,944.1,860.7,7.0,0.0,0.0,0,0,,,,
21562,21562,Devlin Hodges,LAR,QB,945.3,861.8,11.0,57.9,0.0,0,0,,,,
21816,21816,Anthony Gordon,KC,QB,946.4,862.9,12.0,0.0,0.0,0,0,,,,
21819,21819,Bryce Perkins,LAR,QB,947.5,864.0,11.0,0.0,0.0,0,0,,,,
19913,19913,Kyle Lauletta,CLE,QB,948.6,865.2,13.0,-2.5,0.0,0,0,,,,
19029,19029,Nathan Peterman,LV,QB,949.8,866.3,8.0,2.4,0.0,0,0,,,,
20966,20966,Clayton Thorson,NYG,QB,950.9,867.4,10.0,0.0,0.0,0,0,,,,
18907,18907,Davis Webb,BUF,QB,952.0,868.6,7.0,0.0,0.0,0,0,,,,
21612,21612,Jordan Ta'amu,,QB,953.2,869.7,,0.0,0.0,0,0,,,,
21809,21809,Steven Montez,WAS,QB,954.3,870.8,9.0,0.0,0.0,0,0,,,,
20863,20863,Bryce Love,,RB,955.4,871.9,,0.0,0.0,0,0,,,,
21971,21971,Sewo Olonilua,DAL,RB,956.5,873.1,7.0,0.0,0.0,0,0,,,,
15126,15126,Theo Riddick,,RB,957.7,874.2,,7.3,0.0,0,0,300.0,,,
21789,21789,Benny LeMay,IND,RB,958.8,875.3,14.0,0.0,0.0,0,0,,,,
20906,20906,Jacques Patrick,CIN,RB,959.9,876.5,10.0,0.0,0.0,0,0,,,,
20018,20018,Nick Bawden,,RB,961.1,877.6,,2.2,0.0,0,0,,,,
18114,18114,Danny Vitale,,RB,962.2,878.7,,0.0,0.0,0,0,,,,
21097,21097,Christian Wade,BUF,RB,963.3,879.8,7.0,0.0,0.0,0,0,,,,
21792,21792,Darius Anderson,IND,RB,964.4,881.0,14.0,0.0,0.0,0,0,,,,
21787,21787,Javon Leake,,RB,965.6,882.1,,0.0,0.0,0,0,,,,
20809,20809,Elijah Holyfield,PHI,RB,966.7,883.2,14.0,0.0,0.0,0,0,,,,
15196,15196,Kenny Stills,,WR,967.8,884.4,,23.0,0.0,0,0,199.0,,,
16728,16728,Dontrelle Inman,,WR,969.0,885.5,,31.9,0.0,0,0,,,,
20782,20782,Emanuel Hall,,WR,970.1,886.6,,0.0,0.0,0,0,,,,
19916,19916,DaeSean Hamilton,DEN,WR,971.2,887.7,11.0,44.3,0.0,0,0,220.0,,,
20829,20829,Gary Jennings,IND,WR,972.3,888.9,14.0,0.0,0.0,0,0,,,,
20939,20939,David Sills V,NYG,WR,973.5,890.0,10.0,0.0,0.0,0,0,,,,
16232,16232,Donte Moncrief,,WR,974.6,891.1,,2.4,0.0,0,0,142.0,,,
19980,19980,Deon Cain,BAL,WR,975.7,892.2,8.0,0.0,0.0,0,0,282.0,,,
21865,21865,Stephen Sullivan,CAR,TE,976.8,893.4,13.0,0.0,0.0,0,0,,,,
19314,19314,Isaac Whitney,ARI,WR,978.0,894.5,12.0,0.0,0.0,0,0,,,,
21717,21717,Jauan Jennings,SF,WR,979.1,895.6,6.0,0.0,0.0,0,0,,,,
21548,21548,Ventell Bryant,CAR,WR,980.2,896.8,13.0,9.5,0.0,0,0,,,,
7651,7651,Matthew Slater,NE,WR,981.4,897.9,14.0,0.0,0.0,0,0,,,,
20067,20067,Steven Mitchell Jr.,,WR,982.5,899.0,,7.6,0.0,0,0,,,,
19925,19925,Jaleel Scott,,WR,983.6,900.1,,2.0,0.0,0,0,,,,
20194,20194,Rico Gafford,ARI,WR,984.7,901.3,12.0,0.0,0.0,0,0,,,,
21106,21106,Ishmael Hyman,CAR,WR,985.9,902.4,13.0,0.0,0.0,0,0,,,,
19403,19403,Krishawn Hogan,CAR,WR,987.0,903.5,13.0,0.5,0.0,0,0,,,,
20478,20478,Darvin Kidsy,SEA,WR,988.1,904.7,9.0,0.0,0.0,0,0,,,,
17939,17939,Josh Doctson,,WR,989.3,905.8,,0.0,0.0,0,0,246.0,,,
21451,21451,Jon'Vea Johnson,CHI,WR,990.4,906.9,10.0,0.0,0.0,0,0,,,,
18080,18080,Trevor Davis,,WR,991.5,908.0,,23.0,0.0,0,0,,,,
21722,21722,Binjimen Victor,BAL,WR,992.6,909.2,8.0,0.0,0.0,0,0,,,,
18673,18673,Jaydon Mickens,TB,WR,993.8,910.3,9.0,7.4,0.0,0,0,,,,
16798,16798,Devin Smith,,WR,994.9,911.4,,19.5,0.0,0,0,,,,
21708,21708,Reggie Begelton,GB,WR,996.0,912.6,13.0,0.0,0.0,0,0,,,,
15866,15866,Josh Hill,,TE,997.2,913.7,,12.0,0.0,0,0,,,,
20314,20314,Codey McElroy,TB,TE,998.3,914.8,9.0,3.8,0.0,0,0,,,,
15263,15263,Luke Willson,,TE,999.4,915.9,,1.5,0.0,0,0,,,,
20332,20332,Deon Yelder,,TE,1000.5,917.1,,4.6,0.0,0,0,,,,
21344,21344,Hale Hentges,,TE,1001.7,918.2,,0.0,0.0,0,0,,,,
20174,20174,Marcus Baugh,PIT,TE,1002.8,919.3,7.0,0.30000000000000004,0.0,0,0,,,,
18997,18997,Jake Butt,,TE,1003.9,920.4,,0.6000000000000001,0.0,0,0,,,,
20264,20264,Jordan Franks,CLE,TE,1005.0,921.6,13.0,0.0,0.0,0,0,,,,
21551,21551,Charles Jones,,TE,1006.2,922.7,,0.6000000000000001,0.0,0,0,,,,
19326,19326,Cole Hikutini,NYG,TE,1007.3,923.8,10.0,1.9,0.0,0,0,,,,
19982,19982,Dylan Cantrell,,TE,1008.4,925.0,,0.0,0.0,0,0,,,,
18716,18716,Garrett Griffin,NO,TE,1010.7,927.2,6.0,0.0,0.0,0,0,,,,
22151,22151,Tommy Stevens,NYG,TE,1011.8,928.3,,3.1,0.0,0,0,,,,
16395,16395,Xavier Grimble,,TE,1012.9,929.5,,0.4,0.0,0,0,,,,
22123,22123,Austin MacGinnis,LAR,K,1014.1,930.6,11.0,0.0,0.0,0,0,,,,
21105,21105,Elliott Fry,,K,1016.3,932.9,,5.1,0.0,0,0,,,,
18619,18619,Jon Brown,,K,1017.5,934.0,,5.1,0.0,0,0,,,,
18104,18104,Nate Sudfeld,SF,QB,1019.7,936.2,6.0,-1.7000000000000002,0.0,0,0,,,,
21850,21850,Tavien Feaster,ARI,RB,1023.1,939.6,12.0,0.0,0.0,0,0,,,,
19972,19972,Mike White,NYJ,QB,1024.2,940.8,6.0,0.0,0.0,0,0,,,,
21046,21046,Jake Browning,MIN,QB,1025.4,941.9,7.0,0.0,0.0,0,0,,,,
18957,18957,D'Onta Foreman,,RB,1026.5,943.0,,18.0,0.0,0,0,196.0,,,
20122,20122,Jordan Chunn,,RB,1028.7,945.3,,0.0,0.0,0,0,,,,
22701,22701,Darius Clark,CAR,RB,1029.9,946.4,13.0,0.0,0.0,0,0,,,,
21826,21826,Darius Bradwell,LAC,RB,1031.0,947.5,7.0,0.0,0.0,0,0,,,,
20830,20830,Anthony Johnson,PIT,WR,1035.5,952.0,7.0,0.0,0.0,0,0,,,,
21383,21383,Jody Fortson,KC,WR,1036.6,953.2,12.0,0.0,0.0,0,0,,,,
21751,21751,Aaron Fuller,SEA,WR,1037.8,954.3,9.0,0.0,0.0,0,0,,,,
19559,19559,Sean Culkin,,TE,1038.9,955.4,,0.0,0.0,0,0,,,,
21732,21732,Giovanni Ricci,CAR,TE,1040.0,956.5,13.0,0.0,0.0,0,0,,,,
20797,20797,Daniel Helm,,TE,1041.1,957.7,,0.0,0.0,0,0,,,,
22113,22113,Eli Wolf,BAL,TE,1042.3,958.8,8.0,0.0,0.0,0,0,,,,
18645,18645,Aldrick Rosas,,K,1043.4,959.9,,44.0,0.0,0,0,192.0,,,
22638,22638,Dillon Stoner,LV,WR,1047.9,964.4,8.0,0.0,0.0,0,0,,,,
16245,16245,Blake Bortles,,QB,1049.0,965.6,,0.0,0.0,0,0,,,,
17962,17962,Roberto Aguayo,,K,1050.2,966.7,,110.5,0.0,0,0,,,,
16258,16258,Marqise Lee,,WR,1051.3,967.8,,0.0,0.0,0,0,215.0,,,
20979,20979,Antoine Wesley,ARI,WR,1053.6,970.1,12.0,0.0,0.0,0,0,,,,
16276,16276,Bennie Fowler,,WR,1054.7,971.2,,1.4,0.0,0,0,,,,
22652,22652,Josh Johnson,SEA,RB,2277.4,2194.0,9.0,0.0,0.0,0,0,,,,
22537,22537,Trey Ragas,LV,RB,2278.6,2195.1,8.0,0.0,0.0,0,0,,,,
21825,21825,Spencer Brown,CAR,RB,2279.7,2196.2,13.0,0.0,0.0,0,0,,,,
22674,22674,Deon Jackson,IND,RB,2280.8,2197.3,14.0,0.0,0.0,0,0,,,,
22536,22536,C.J. Marable,CHI,RB,2281.9,2198.5,10.0,0.0,0.0,0,0,,,,
22511,22511,Quintin Morris,BUF,TE,2283.1,2199.6,7.0,0.0,0.0,0,0,,,,
22665,22665,Pro Wells,CIN,TE,2284.2,2200.7,10.0,0.0,0.0,0,0,,,,
22519,22519,Nick Eubanks,DAL,TE,2285.3,2201.9,7.0,0.0,0.0,0,0,,,,
22518,22518,Matt Bushman,LV,TE,2286.5,2203.0,8.0,0.0,0.0,0,0,,,,
22717,22717,Jose Borregales,TB,K,2287.6,2204.1,9.0,0.0,0.0,0,0,,,,
8358,8358,Brian Hoyer,NE,QB,2288.7,2205.2,14.0,2.5,0.0,0,0,,,,
19205,19205,Taquan Mizzell,,RB,2324.8,2241.3,,17.4,0.0,0,0,,,,
18132,18132,Darius Jackson,,RB,2351.9,2268.4,,2.0,0.0,0,0,,,,
16850,16850,Sean Mannion,SEA,QB,2353.0,2269.5,9.0,0.0,0.0,0,0,,,,
21263,21263,Trenton Irwin,CIN,WR,2372.2,773.8,10.0,0.6000000000000001,-0.2,0,0,,,,
21115,21115,Juwann Winfree,GB,WR,2373.3,2288.7,13.0,0.0,-3.4,0,0,,,,
