PlayerID,Name,Team,Position,Activated,Played,Started,FantasyPoints,FantasyPointsPPR,Opponent,OpponentRank,OpponentPositionRank
18890,Patrick Mahomes,KC,QB,1,1,1,12.2,12.2,CLE,,16
19801,Josh Allen,BUF,QB,1,1,1,11.7,11.7,PIT,,29
20889,Kyler Murray,ARI,QB,1,1,1,11.2,11.2,TEN,,17
19781,Lamar Jackson,BAL,QB,1,1,1,10.8,10.8,LV,,4
18055,Dak Prescott,DAL,QB,1,1,1,10.7,10.7,TB,,14
2593,Aaron Rodgers,GB,QB,1,1,1,10.6,10.6,NO,,27
14536,Russell Wilson,SEA,QB,1,1,1,10.5,10.5,IND,2,24
21681,Justin Herbert,LAC,QB,1,1,1,10.4,10.4,WAS,,9
4314,Tom Brady,TB,QB,1,1,1,5.2,5.2,DAL,,20
21831,Jalen Hurts,PHI,QB,1,1,1,5.1,5.1,ATL,,5
13799,Ryan Tannehill,TEN,QB,1,1,1,5.1,5.1,ARI,,3
9038,Matthew Stafford,LAR,QB,1,1,1,5.0,5.0,CHI,,22
21693,Joe Burrow,CIN,QB,1,1,1,4.8,4.8,MIN,,28
22490,Trevor Lawrence,JAX,QB,1,1,1,4.6,4.6,HOU,,7
732,Matt Ryan,ATL,QB,1,1,1,4.5,4.5,PHI,,15
19790,Baker Mayfield,CLE,QB,1,1,1,4.4,4.4,KC,,18
14252,Kirk Cousins,MIN,QB,1,1,1,4.4,4.4,CIN,12,2
21677,Tua Tagovailoa,MIA,QB,1,1,1,4.4,4.4,NE,,25
16311,Derek Carr,LV,QB,1,1,1,4.4,4.4,BAL,,31
8283,Ryan Fitzpatrick,WAS,QB,1,1,1,4.3,4.3,LAC,,13
20841,Daniel Jones,NYG,QB,1,1,1,4.3,4.3,DEN,,12
3807,Ben Roethlisberger,PIT,QB,1,1,1,4.2,4.2,BUF,,21
19812,Sam Darnold,CAR,QB,1,1,1,4.1,4.1,NYJ,,11
22495,Zach Wilson,NYJ,QB,1,1,1,4.0,4.0,CAR,,1
22493,Trey Lance,SF,QB,1,1,1,3.9,3.9,DET,,8
17922,Jared Goff,DET,QB,1,1,1,3.9,3.9,SF,,32
22492,Justin Fields,CHI,QB,1,1,1,3.9,3.9,LAR,,6
18857,Deshaun Watson,HOU,QB,1,1,1,3.4,3.4,JAX,,10
16762,Jameis Winston,NO,QB,1,1,1,3.4,3.4,GB,,30
16497,Teddy Bridgewater,DEN,QB,1,1,1,2.6,2.6,NYG,,23
12831,Tyrod Taylor,HOU,QB,1,1,1,2.3,2.3,JAX,,10
19238,Taysom Hill,NO,QB,1,1,1,2.2,2.2,GB,,30
20859,Drew Lock,DEN,QB,1,1,1,2.0,2.0,NYG,,23
22496,Mac Jones,NE,QB,1,1,1,1.9,1.9,MIA,,19
16041,Jimmy Garoppolo,SF,QB,1,1,1,1.3,1.3,DET,,8
22505,Davis Mills,HOU,QB,1,1,0,1.3,1.3,JAX,,10
12841,Andy Dalton,CHI,QB,1,1,1,1.1,1.1,LAR,,6
21820,Jacob Eason,IND,QB,1,1,1,1.0,1.0,SEA,5,26
21841,Jordan Love,GB,QB,1,1,1,0.9,0.9,NO,,27
20880,Gardner Minshew II,JAX,QB,1,1,1,0.5,0.5,HOU,,7
16763,Marcus Mariota,LV,QB,1,1,1,0.5,0.5,BAL,,31
18811,Mitchell Trubisky,BUF,QB,1,1,1,0.4,0.4,PIT,,29
22494,Kyle Trask,TB,QB,1,1,0,0.3,0.3,DAL,,20
17179,Taylor Heinicke,WAS,QB,1,1,1,0.3,0.3,LAC,,13
611,Joe Flacco,PHI,QB,1,1,1,0.3,0.3,ATL,,5
18018,Jacoby Brissett,MIA,QB,1,1,1,0.3,0.3,NE,,25
18123,Jeff Driskel,HOU,QB,1,1,0,0.2,0.2,JAX,,10
19850,Mason Rudolph,PIT,QB,1,1,1,0.2,0.2,BUF,,21
21815,Sam Ehlinger,IND,QB,1,1,0,0.2,0.2,SEA,5,26
19191,P.J. Walker,CAR,QB,1,1,1,0.2,0.2,NYJ,,11
21817,Kellen Mond,MIN,QB,1,1,0,0.2,0.2,CIN,12,2
18118,Brandon Allen,CIN,QB,1,1,1,0.2,0.2,MIN,,28
20703,John Wolford,LAR,QB,1,1,1,0.2,0.2,CHI,,22
2405,Chad Henne,KC,QB,1,1,1,0.2,0.2,CLE,,16
21965,James Morgan,NYJ,QB,1,1,0,0.2,0.2,CAR,,1
20874,Trace McSorley,BAL,QB,1,1,1,0.2,0.2,LV,,4
19330,Nick Mullens,PHI,QB,1,1,1,0.2,0.2,ATL,,5
16621,Garrett Gilbert,DAL,QB,1,1,1,0.1,0.1,TB,,14
22497,Ian Book,NO,QB,1,1,0,0.1,0.1,GB,,30
20283,Tim Boyle,DET,QB,1,1,1,0.1,0.1,SF,,32
12982,Blaine Gabbert,TB,QB,1,1,1,0.1,0.1,DAL,,20
15201,Mike Glennon,NYG,QB,1,1,1,0.1,0.1,DEN,,12
9902,Chase Daniel,LAC,QB,1,1,1,0.1,0.1,WAS,,9
14895,Geno Smith,SEA,QB,1,1,1,0.1,0.1,IND,2,24
21810,Tyler Huntley,BAL,QB,1,1,1,0.1,0.1,LV,,4
11047,Colt McCoy,ARI,QB,1,1,1,0.1,0.1,TEN,,17
20795,Dwayne Haskins,PIT,QB,1,1,1,0.1,0.1,BUF,,21
20053,Kyle Allen,WAS,QB,1,1,1,0.1,0.1,LAC,,13
15694,Case Keenum,CLE,QB,1,1,1,0.1,0.1,KC,,18
21866,Chris Streveler,ARI,QB,1,1,1,0.1,0.1,TEN,,17
14855,Matt Barkley,TEN,QB,1,1,1,0.1,0.1,ARI,,3
21277,David Blough,DET,QB,1,1,1,0.1,0.1,SF,,32
22498,Feleipe Franks,ATL,QB,1,1,0,0.1,0.1,PHI,,15
13723,Nick Foles,CHI,QB,1,1,1,0.1,0.1,LAR,,6
20055,Logan Woodside,TEN,QB,1,1,1,0.1,0.1,ARI,,3
21828,Jake Fromm,BUF,QB,1,1,0,0.1,0.1,PIT,,29
18973,C.J. Beathard,JAX,QB,1,1,1,0.0,0.0,HOU,,7
21818,Shane Buechele,KC,QB,1,1,0,0.0,0.0,CLE,,16
20779,Will Grier,CAR,QB,1,1,1,0.0,0.0,NYJ,,11
20929,Brett Rypien,DEN,QB,1,1,1,0.0,0.0,NYG,,23
17009,Trevor Siemian,NO,QB,1,1,1,0.0,0.0,GB,,30
19972,Mike White,NYJ,QB,1,1,0,0.0,0.0,CAR,,1
6489,Josh Johnson,NYJ,QB,0,0,0,0.0,0.0,CAR,,1
8358,Brian Hoyer,NE,QB,1,1,0,0.0,0.0,MIA,,19
13320,Cam Newton,NE,QB,1,1,1,0.0,0.0,MIA,,19
15190,Ryan Griffin,TB,QB,1,1,1,0.0,0.0,DAL,,20
16116,AJ McCarron,ATL,QB,1,1,0,0.0,0.0,PHI,,15
16850,Sean Mannion,SEA,QB,1,1,1,0.0,0.0,IND,,24
16907,Brett Hundley,IND,QB,1,1,1,0.0,0.0,SEA,,26
17920,Carson Wentz,IND,QB,1,1,1,0.0,0.0,SEA,5,26
18104,Nate Sudfeld,SF,QB,1,1,1,0.0,0.0,DET,,8
18907,Davis Webb,BUF,QB,1,1,0,0.0,0.0,PIT,,29
19025,Joshua Dobbs,PIT,QB,1,1,1,0.0,0.0,BUF,,21
19029,Nathan Peterman,LV,QB,1,1,1,0.0,0.0,BAL,,31
19461,Cooper Rush,DAL,QB,1,1,1,0.0,0.0,TB,,14
19913,Kyle Lauletta,CLE,QB,1,1,1,0.0,0.0,KC,,18
20037,Danny Etling,MIN,QB,1,1,0,0.0,0.0,CIN,,2
20044,Alex McGough,SEA,QB,1,1,0,0.0,0.0,IND,2,24
20089,Kurt Benkert,GB,QB,1,1,0,0.0,0.0,NO,,27
20953,Easton Stick,LAC,QB,1,1,1,0.0,0.0,WAS,,9
20954,Jarrett Stidham,NE,QB,1,1,1,0.0,0.0,MIA,,19
20966,Clayton Thorson,NYG,QB,1,1,0,0.0,0.0,DEN,,12
21046,Jake Browning,MIN,QB,1,1,0,0.0,0.0,CIN,12,2
21143,Kyle Shurmur,CIN,QB,0,0,0,0.0,0.0,MIN,,28
21220,Jake Dolegala,GB,QB,0,0,0,0.0,0.0,NO,,27
21562,Devlin Hodges,LAR,QB,1,1,1,0.0,0.0,CHI,,22
21612,Jordan Ta'amu,DET,QB,0,0,0,0.0,0.0,SF,,32
21809,Steven Montez,WAS,QB,0,0,0,0.0,0.0,LAC,,13
21811,Brian Lewerke,NYG,QB,0,0,0,0.0,0.0,DEN,,12
21812,Nate Stanley,MIN,QB,1,1,0,0.0,0.0,CIN,12,2
21814,Jake Luton,JAX,QB,1,1,1,0.0,0.0,HOU,,7
21816,Anthony Gordon,KC,QB,1,1,0,0.0,0.0,CLE,,16
21819,Bryce Perkins,LAR,QB,1,1,0,0.0,0.0,CHI,,22
22146,Ben DiNucci,DAL,QB,1,1,1,0.0,0.0,TB,,14
22160,Reid Sinnett,MIA,QB,0,0,0,0.0,0.0,NE,,25
23085,Kenji Bahar,BAL,QB,0,0,0,0.0,0.0,LV,,4
18877,Christian McCaffrey,CAR,RB,1,1,1,4.5,11.3,NYJ,,12
18872,Dalvin Cook,MIN,RB,1,1,1,4.3,5.2,CIN,12,10
17959,Derrick Henry,TEN,RB,1,1,1,4.3,4.7,ARI,,9
19798,Nick Chubb,CLE,RB,1,1,1,3.8,4.3,KC,,1
17923,Ezekiel Elliott,DAL,RB,1,1,1,3.6,4.5,TB,,20
21682,Jonathan Taylor,IND,RB,1,1,1,3.6,4.3,SEA,5,25
18878,Alvin Kamara,NO,RB,1,1,1,3.6,4.9,GB,,14
19766,Saquon Barkley,NYG,RB,1,1,1,3.5,4.4,DEN,,32
19045,Aaron Jones,GB,RB,1,1,1,3.5,4.3,NO,,24
21768,Najee Harris,PIT,RB,1,1,1,3.3,4.1,BUF,,7
21861,Antonio Gibson,WAS,RB,1,1,1,3.3,4.1,LAC,,26
18858,Joe Mixon,CIN,RB,1,1,1,3.3,4.1,MIN,,4
21674,J.K. Dobbins,BAL,RB,1,1,1,3.1,3.7,LV,,2
20882,David Montgomery,CHI,RB,1,1,1,3.1,3.7,LAR,,6
19562,Austin Ekeler,LAC,RB,1,1,1,3.1,4.4,WAS,,15
21769,Clyde Edwards-Helaire,KC,RB,1,1,1,3.0,3.8,CLE,,31
20824,Josh Jacobs,LV,RB,1,1,1,3.0,3.5,BAL,,30
19119,Chris Carson,SEA,RB,1,1,1,3.0,3.6,IND,2,22
20933,Miles Sanders,PHI,RB,1,1,1,2.9,3.6,ATL,,16
20798,Darrell Henderson Jr.,LAR,RB,1,1,1,2.9,3.5,CHI,,29
21684,D'Andre Swift,DET,RB,1,1,1,2.9,3.8,SF,,18
16887,Mike Davis,ATL,RB,1,1,1,2.6,3.3,PHI,,28
22558,Javonte Williams,DEN,RB,1,1,1,2.4,2.9,NYG,,11
21970,James Robinson,JAX,RB,1,1,1,2.4,2.9,HOU,,3
17217,Raheem Mostert,SF,RB,1,1,1,2.4,2.8,DET,,5
18944,Kareem Hunt,CLE,RB,1,1,1,2.3,3.0,KC,,1
20768,Myles Gaskin,MIA,RB,1,1,1,2.3,3.0,NE,,21
19919,Chase Edmonds,ARI,RB,1,1,1,2.3,3.1,TEN,,8
20790,Damien Harris,NE,RB,1,1,1,2.2,2.5,MIA,,23
21696,Travis Etienne Jr.,JAX,RB,1,1,1,2.2,3.1,HOU,,3
16776,Melvin Gordon III,DEN,RB,1,1,1,2.0,2.4,NYG,,11
19861,Ronald Jones II,TB,RB,1,1,1,2.0,2.2,DAL,,27
18803,Leonard Fournette,TB,RB,1,1,1,2.0,2.4,DAL,,27
21801,Trey Sermon,SF,RB,1,1,1,1.9,2.3,DET,,5
21802,A.J. Dillon,GB,RB,1,1,1,1.9,2.2,NO,,24
18983,James Conner,ARI,RB,1,1,1,1.9,2.3,TEN,,8
20239,Gus Edwards,BAL,RB,1,1,1,1.9,2.1,LV,,2
22553,Michael Carter,NYJ,RB,1,1,1,1.9,2.4,CAR,,17
21784,Zack Moss,BUF,RB,1,1,1,1.9,2.3,PIT,,19
18003,Kenyan Drake,LV,RB,1,1,1,1.7,2.3,BAL,,30
18995,Jamaal Williams,DET,RB,1,1,1,1.7,2.2,SF,,18
15071,Latavius Murray,NO,RB,1,1,1,1.6,2.0,GB,,14
20128,Phillip Lindsay,HOU,RB,1,1,1,1.6,1.9,JAX,,13
16847,David Johnson,HOU,RB,1,1,1,1.6,2.1,JAX,,13
20941,Devin Singletary,BUF,RB,1,1,1,1.6,2.1,PIT,,19
20912,Tony Pollard,DAL,RB,1,1,1,1.5,2.0,TB,,20
20868,Alexander Mattison,MIN,RB,1,1,1,1.4,1.7,CIN,12,10
19912,Nyheim Hines,IND,RB,1,1,1,1.4,2.2,SEA,5,25
16834,Tevin Coleman,NYJ,RB,1,1,1,1.3,1.5,CAR,,17
17053,Malcolm Brown,MIA,RB,1,1,1,1.2,1.6,NE,,21
16056,James White,NE,RB,1,1,1,1.2,2.0,MIA,,23
18464,J.D. McKissic,WAS,RB,1,1,1,1.2,1.9,LAC,,26
19799,Rashaad Penny,SEA,RB,1,1,1,1.1,1.4,IND,2,22
21839,Xavier Jones,LAR,RB,1,1,1,1.1,1.4,CHI,,29
19828,Sony Michel,NE,RB,1,1,1,1.1,1.2,MIA,,23
14916,Giovani Bernard,TB,RB,1,1,1,1.0,1.7,DAL,,27
21845,Darrynton Evans,TEN,RB,1,1,1,1.0,1.3,ARI,,9
20064,Justin Jackson,LAC,RB,1,1,1,1.0,1.3,WAS,,15
16031,Damien Williams,CHI,RB,1,1,1,1.0,1.4,LAR,,6
20500,Darrel Williams,KC,RB,1,1,1,1.0,1.3,CLE,,31
15150,Cordarrelle Patterson,ATL,RB,1,1,1,0.9,1.2,PHI,,28
20900,Qadree Ollison,ATL,RB,1,1,1,0.9,1.1,PHI,,28
20039,Boston Scott,PHI,RB,1,1,1,0.9,1.3,ATL,,16
21691,Chuba Hubbard,CAR,RB,1,1,1,0.9,1.1,NYJ,,12
21843,Salvon Ahmed,MIA,RB,1,1,1,0.9,1.1,NE,,21
20837,Ty Johnson,NYJ,RB,1,1,1,0.9,1.1,CAR,,17
17970,Devontae Booker,NYG,RB,1,1,1,0.9,1.1,DEN,,32
13337,Mark Ingram II,HOU,RB,1,1,1,0.9,1.0,JAX,,13
18998,Marlon Mack,IND,RB,1,1,1,0.9,1.1,SEA,5,25
21776,Joshua Kelley,LAC,RB,1,1,1,0.8,1.0,WAS,,15
18993,Samaje Perine,CIN,RB,1,1,1,0.8,1.0,MIN,,4
22546,Rhamondre Stevenson,NE,RB,1,1,1,0.7,0.9,MIA,,23
22562,Kenneth Gainwell,PHI,RB,1,1,1,0.7,1.0,ATL,,16
18996,Wayne Gallman II,SF,RB,1,1,1,0.7,0.9,DET,,5
22678,Jake Funk,LAR,RB,1,1,1,0.7,0.8,CHI,,29
14901,Kyle Juszczyk,SF,RB,1,1,1,0.6,1.0,DET,,5
16668,Carlos Hyde,JAX,RB,1,1,1,0.6,0.7,HOU,,3
16510,Jerick McKinnon,KC,RB,1,1,1,0.6,0.9,CLE,,31
21804,DeeJay Dallas,SEA,RB,1,1,1,0.6,0.8,IND,2,22
14917,Rex Burkhead,HOU,RB,1,1,1,0.6,0.7,JAX,,13
21854,Anthony McFarland Jr.,PIT,RB,1,1,1,0.5,0.7,BUF,,7
21797,La'Mical Perine,NYJ,RB,1,1,1,0.5,0.7,CAR,,17
19319,Matt Breida,BUF,RB,1,1,1,0.5,0.7,PIT,,19
20950,Benny Snell Jr.,PIT,RB,1,1,1,0.5,0.6,BUF,,7
19033,Brian Hill,TEN,RB,1,1,1,0.5,0.6,ARI,,9
21777,Larry Rountree III,LAC,RB,1,1,1,0.5,0.6,WAS,,15
22555,Jermar Jefferson,DET,RB,1,1,1,0.5,0.7,SF,,18
22535,Elijah Mitchell,SF,RB,1,1,1,0.5,0.6,DET,,5
18375,Peyton Barber,WAS,RB,1,1,1,0.4,0.5,LAC,,26
20990,Trayveon Williams,CIN,RB,1,1,1,0.4,0.6,MIN,,4
22557,Javian Hawkins,ATL,RB,1,1,1,0.4,0.4,PHI,,28
19824,Kalen Ballage,PIT,RB,1,1,1,0.4,0.5,BUF,,7
16524,Devonta Freeman,NO,RB,1,1,1,0.4,0.5,GB,,14
20802,Justice Hill,BAL,RB,1,1,1,0.3,0.5,LV,,2
18957,D'Onta Foreman,ATL,RB,1,1,1,0.3,0.4,PHI,,28
21840,Kylin Hill,GB,RB,1,1,1,0.3,0.4,NO,,24
22556,Jaret Patterson,WAS,RB,1,1,1,0.3,0.3,LAC,,26
13741,Brandon Bolden,NE,RB,1,1,1,0.3,0.3,MIA,,23
19823,Royce Freeman,DEN,RB,1,1,1,0.3,0.4,NYG,,11
22533,Demetric Felton,CLE,RB,1,1,1,0.3,0.4,KC,,1
19979,Jordan Wilkins,IND,RB,1,1,1,0.3,0.3,SEA,5,25
22647,Chris Evans,CIN,RB,1,1,1,0.3,0.4,MIN,,4
18088,Alex Collins,SEA,RB,1,1,1,0.2,0.3,IND,2,22
22563,Khalil Herbert,CHI,RB,1,1,1,0.2,0.3,LAR,,6
22676,Kene Nwangwu,MIN,RB,1,1,1,0.2,0.3,CIN,12,10
21788,Ke'Shawn Vaughn,TB,RB,1,1,1,0.2,0.3,DAL,,27
22672,Gary Brightwell,NYG,RB,1,1,1,0.2,0.3,DEN,,32
16815,Ameer Abdullah,MIN,RB,1,1,1,0.2,0.3,CIN,12,10
19599,Trey Edmunds,PIT,RB,1,1,1,0.2,0.3,BUF,,7
21775,Rodney Smith,CAR,RB,1,1,1,0.2,0.3,NYJ,,12
22548,Gerrid Doaks,MIA,RB,1,1,1,0.2,0.3,NE,,21
19065,Jeremy McNichols,TEN,RB,1,1,1,0.2,0.2,ARI,,9
18067,Jordan Howard,PHI,RB,1,1,1,0.2,0.2,ATL,,16
19996,Jaylen Samuels,PIT,RB,1,1,1,0.2,0.3,BUF,,7
21593,D'Ernest Johnson,CLE,RB,1,1,1,0.2,0.2,KC,,1
18652,C.J. Ham,MIN,RB,1,1,1,0.2,0.3,CIN,12,10
20103,Reggie Bonnafon,CAR,RB,1,1,1,0.2,0.2,NYJ,,12
21765,JaMycal Hasty,SF,RB,1,1,1,0.2,0.2,DET,,5
20819,Alec Ingold,LV,RB,1,1,1,0.2,0.3,BAL,,30
19209,Patrick Ricard,BAL,RB,1,1,1,0.2,0.3,LV,,2
19548,Corey Clement,NYG,RB,1,1,1,0.2,0.2,DEN,,32
20964,Darwin Thompson,KC,RB,1,1,1,0.2,0.2,CLE,,31
21952,Rico Dowdle,DAL,RB,1,1,1,0.1,0.2,TB,,20
22544,Pooka Williams Jr.,CIN,RB,1,1,1,0.1,0.2,MIN,,4
21773,Eno Benjamin,ARI,RB,1,1,1,0.1,0.2,TEN,,8
19626,Dare Ogunbowale,JAX,RB,1,1,1,0.1,0.2,HOU,,3
21549,Tony Brooks-James,PIT,RB,1,1,0,0.1,0.1,BUF,,7
22126,Ty'Son Williams,BAL,RB,1,1,0,0.1,0.1,LV,,2
22537,Trey Ragas,LV,RB,1,1,0,0.1,0.2,BAL,,30
19072,Alex Armah,NO,RB,1,1,0,0.1,0.2,GB,,14
20075,Josh Adams,NYJ,RB,1,1,1,0.1,0.1,CAR,,17
21837,J.J. Taylor,NE,RB,1,1,1,0.1,0.1,MIA,,23
12787,Nick Bellore,SEA,RB,1,1,0,0.1,0.1,IND,2,22
21211,Patrick Laird,MIA,RB,1,1,1,0.1,0.1,NE,,21
19957,John Kelly,CLE,RB,1,1,0,0.1,0.1,KC,,1
22205,Antonio Williams,BUF,RB,1,1,1,0.1,0.1,PIT,,19
22310,Gabe Nabers,LAC,RB,1,1,0,0.1,0.1,WAS,,15
16378,Keith Smith,ATL,RB,1,1,0,0.1,0.1,PHI,,28
20318,Buddy Howell,HOU,RB,1,1,1,0.1,0.1,JAX,,13
22527,A.J. Rose Jr.,MIN,RB,1,1,0,0.1,0.1,CIN,12,10
18115,Derek Watt,PIT,RB,1,1,0,0.1,0.1,BUF,,7
21310,Khari Blasingame,TEN,RB,1,1,1,0.0,0.1,ARI,,9
16928,Michael Burton,KC,RB,1,1,0,0.0,0.1,CLE,,31
18093,Andy Janovich,CLE,RB,1,1,0,0.0,0.1,KC,,1
20040,Trenton Cannon,CAR,RB,1,1,1,0.0,0.1,NYJ,,12
20904,Devine Ozigbo,JAX,RB,1,1,1,0.0,0.1,HOU,,3
20984,Dexter Williams,GB,RB,1,1,1,0.0,0.0,NO,,24
21100,Jakob Johnson,NE,RB,1,1,0,0.0,0.1,MIA,,23
18152,Dwayne Washington,NO,RB,1,1,1,0.0,0.0,GB,,14
18617,Elijhaa Penny,NYG,RB,1,1,1,0.0,0.0,DEN,,32
18073,Jonathan Williams,WAS,RB,1,1,1,0.0,0.0,LAC,,26
21782,Jonathan Ward,ARI,RB,1,1,1,0.0,0.0,TEN,,8
17965,C.J. Prosise,TB,RB,1,1,1,0.0,0.0,DAL,,27
20106,Ryan Nall,CHI,RB,1,1,1,0.0,0.0,LAR,,6
22441,Nathan Cottrell,JAX,RB,1,1,1,0.0,0.0,HOU,,3
13063,Taiwan Jones,BUF,RB,1,1,1,0.0,0.0,PIT,,19
20935,Jordan Scarlett,MIA,RB,1,1,1,0.0,0.0,NE,,21
21126,Cullen Gillaspia,NYG,RB,1,1,0,0.0,0.0,DEN,,32
21240,Damarea Crockett,DEN,RB,1,1,1,0.0,0.0,NYG,,11
21764,Jason Huntley,PHI,RB,1,1,1,0.0,0.0,ATL,,16
21823,Patrick Taylor,GB,RB,1,1,1,0.0,0.0,NO,,24
21842,Adrian Killins,DEN,RB,1,1,0,0.0,0.0,NYG,,11
21848,Artavis Pierce,CHI,RB,1,1,1,0.0,0.0,LAR,,6
21856,Scottie Phillips,HOU,RB,1,1,1,0.0,0.0,JAX,,13
22649,Dedrick Mills,DET,RB,1,1,0,0.0,0.0,SF,,18
21849,Caleb Huntley,ATL,RB,1,1,0,0.0,0.0,PHI,,28
21774,Tony Jones Jr.,NO,RB,1,1,0,0.0,0.0,GB,,14
18132,Darius Jackson,HOU,RB,1,1,0,0.0,0.0,JAX,,13
18690,Jalen Richard,LV,RB,1,1,1,0.0,0.0,BAL,,30
19003,Tarik Cohen,CHI,RB,1,1,1,0.0,0.0,LAR,,6
19109,Elijah McGuire,KC,RB,1,1,1,0.0,0.0,CLE,,31
19822,Kerryon Johnson,PHI,RB,1,1,1,0.0,0.0,ATL,,16
20074,Jason Cabinda,DET,RB,0,0,0,0.0,0.0,SF,,18
20159,Mike Boone,DEN,RB,1,1,1,0.0,0.0,NYG,,11
20191,Godwin Igwebuike,DET,RB,1,1,0,0.0,0.0,SF,,18
20360,Jeff Wilson Jr.,SF,RB,1,1,1,0.0,0.0,DET,,5
20581,Johnny Stanton,CLE,RB,0,0,0,0.0,0.0,KC,,1
20809,Elijah Holyfield,PHI,RB,0,0,0,0.0,0.0,ATL,,16
20810,Travis Homer,SEA,RB,1,1,1,0.0,0.0,IND,2,22
20906,Jacques Patrick,CIN,RB,1,1,0,0.0,0.0,MIN,,4
20948,Sutton Smith,NO,RB,1,1,0,0.0,0.0,GB,,14
21097,Christian Wade,BUF,RB,0,0,0,0.0,0.0,PIT,,19
21514,Austin Walter,NYJ,RB,1,1,1,0.0,0.0,CAR,,17
21564,Craig Reynolds,DET,RB,0,0,0,0.0,0.0,SF,,18
21634,Derrick Gore,KC,RB,0,0,0,0.0,0.0,CLE,,31
21688,Cam Akers,LAR,RB,0,0,0,0.0,0.0,CHI,,29
21787,Javon Leake,DET,RB,1,1,0,0.0,0.0,SF,,18
21789,Benny LeMay,IND,RB,1,1,0,0.0,0.0,SEA,5,25
21825,Spencer Brown,CAR,RB,1,1,0,0.0,0.0,NYJ,,12
21826,Darius Bradwell,LAC,RB,1,1,0,0.0,0.0,WAS,,15
21846,Levante Bellamy,DEN,RB,1,1,1,0.0,0.0,NYG,,11
21850,Tavien Feaster,ARI,RB,0,0,1,0.0,0.0,TEN,,8
21855,Raymond Calais,LAR,RB,1,1,1,0.0,0.0,CHI,,29
21971,Sewo Olonilua,DAL,RB,1,1,0,0.0,0.0,TB,,20
22121,Pete Guerriero,PIT,RB,0,0,0,0.0,0.0,BUF,,7
22346,Jake Bargas,MIN,RB,0,0,0,0.0,0.0,CIN,12,10
22395,Sandro Platzgummer,NYG,RB,0,0,0,0.0,0.0,DEN,,32
22400,Josh Hokit,SF,RB,0,0,0,0.0,0.0,DET,,5
22528,Brenden Knox,DAL,RB,1,1,0,0.0,0.0,TB,,20
22536,C.J. Marable,CHI,RB,1,1,0,0.0,0.0,LAR,,6
22543,Otis Anderson,LAR,RB,0,0,0,0.0,0.0,CHI,,29
22650,JaQuan Hardy,DAL,RB,0,0,0,0.0,0.0,TB,,20
22652,Josh Johnson,SEA,RB,1,1,0,0.0,0.0,IND,2,22
22654,Garrett Groshek,LV,RB,0,0,0,0.0,0.0,BAL,,30
22656,Carl Tucker,MIA,RB,0,0,0,0.0,0.0,NE,,21
22674,Deon Jackson,IND,RB,1,1,0,0.0,0.0,SEA,5,25
22677,Mekhi Sargent,TEN,RB,0,0,0,0.0,0.0,ARI,,9
22701,Darius Clark,CAR,RB,1,1,0,0.0,0.0,NYJ,,12
22736,Tory Carter,TEN,RB,0,0,0,0.0,0.0,ARI,,9
22955,B.J. Emmons,LV,RB,1,1,0,0.0,0.0,BAL,,30
23002,Nick Ralston,DAL,RB,0,0,0,0.0,0.0,TB,,20
23004,Adam Prentice,DEN,RB,0,0,0,0.0,0.0,NYG,,11
23052,Nate McCrary,BAL,RB,1,1,1,0.0,0.0,LV,,2
15048,Travis Kelce,KC,TE,1,1,1,3.1,4.8,CLE,,4
16964,Darren Waller,LV,TE,1,1,1,2.5,4.1,BAL,,21
19063,George Kittle,SF,TE,1,1,1,2.4,3.8,DET,,27
19803,Mark Andrews,BAL,TE,1,1,1,2.1,3.2,LV,,15
22508,Kyle Pitts,ATL,TE,1,1,1,2.0,3.2,PHI,,3
20805,T.J. Hockenson,DET,TE,1,1,1,1.9,3.1,SF,,29
20753,Noah Fant,DEN,TE,1,1,1,1.7,2.8,NYG,,11
19491,Robert Tonyan,GB,TE,1,1,1,1.7,2.6,NO,,31
19863,Dallas Goedert,PHI,TE,1,1,1,1.6,2.7,ATL,,16
18032,Tyler Higbee,LAR,TE,1,1,1,1.6,2.5,CHI,,22
20949,Irv Smith Jr.,MIN,TE,1,1,1,1.6,2.5,CIN,12,19
19853,Mike Gesicki,MIA,TE,1,1,1,1.6,2.5,NE,,17
10974,Rob Gronkowski,TB,TE,1,1,1,1.5,2.3,DAL,,25
16656,Logan Thomas,WAS,TE,1,1,1,1.5,2.6,LAC,,7
8534,Jared Cook,LAC,TE,1,1,1,1.4,2.3,WAS,,14
18990,Jonnu Smith,NE,TE,1,1,1,1.4,2.2,MIA,,2
17975,Hunter Henry,NE,TE,1,1,1,1.3,2.2,MIA,,2
19296,Anthony Firkser,TEN,TE,1,1,1,1.3,2.1,ARI,,13
17963,Austin Hooper,CLE,TE,1,1,1,1.3,2.2,KC,,1
21786,Adam Trautman,NO,TE,1,1,1,1.3,2.0,GB,,28
18912,Evan Engram,NYG,TE,1,1,1,1.3,2.2,DEN,,20
14856,Zach Ertz,PHI,TE,1,1,1,1.2,2.1,ATL,,16
16451,Eric Ebron,PIT,TE,1,1,1,1.2,2.0,BUF,,9
19457,Blake Jarwin,DAL,TE,1,1,1,1.2,2.0,TB,,8
21772,Cole Kmet,CHI,TE,1,1,1,1.2,2.0,LAR,,12
18935,Gerald Everett,SEA,TE,1,1,1,1.1,1.9,IND,2,32
19843,Hayden Hurst,ATL,TE,1,1,1,1.0,1.7,PHI,,3
18901,O.J. Howard,TB,TE,1,1,1,1.0,1.6,DAL,,25
20850,Dawson Knox,BUF,TE,1,1,1,1.0,1.6,PIT,,24
19903,Jordan Akins,HOU,TE,1,1,1,0.9,1.5,JAX,,5
19920,Dalton Schultz,DAL,TE,1,1,1,0.9,1.5,TB,,8
11488,Jimmy Graham,CHI,TE,1,1,1,0.9,1.4,LAR,,12
18900,Mo Alie-Cox,IND,TE,1,1,1,0.9,1.4,SEA,5,26
19659,Dan Arnold,CAR,TE,1,1,1,0.9,1.4,NYJ,,6
15602,Jack Doyle,IND,TE,1,1,1,0.8,1.3,SEA,5,26
16917,C.J. Uzomah,CIN,TE,1,1,1,0.8,1.3,MIN,,23
18876,David Njoku,CLE,TE,1,1,1,0.7,1.1,KC,,1
19950,Will Dissly,SEA,TE,1,1,1,0.7,1.2,IND,2,32
19947,Chris Herndon,NYJ,TE,1,1,1,0.7,1.2,CAR,,10
19988,Tyler Conklin,MIN,TE,1,1,1,0.6,1.1,CIN,12,19
20905,Donald Parham Jr.,LAC,TE,1,1,1,0.6,1.0,WAS,,14
21783,Harrison Bryant,CLE,TE,1,1,1,0.6,1.0,KC,,1
16593,Cameron Brate,TB,TE,1,1,1,0.6,1.0,DAL,,25
21794,Albert Okwuegbunam,DEN,TE,1,1,1,0.6,0.9,NYG,,11
19281,Jacob Hollister,BUF,TE,1,1,1,0.5,0.9,PIT,,24
16816,Maxx Williams,ARI,TE,1,1,1,0.5,0.8,TEN,,30
22507,Pat Freiermuth,PIT,TE,1,1,1,0.5,0.8,BUF,,9
20931,Drew Sample,CIN,TE,1,1,1,0.5,0.9,MIN,,23
16846,Tyler Kroft,NYJ,TE,1,1,1,0.5,0.7,CAR,,10
16933,James O'Shaughnessy,JAX,TE,1,1,1,0.4,0.8,HOU,,18
17005,Geoff Swaim,TEN,TE,1,1,1,0.4,0.8,ARI,,13
20884,Foster Moreau,LV,TE,1,1,1,0.4,0.6,BAL,,21
19304,Pharaoh Brown,HOU,TE,1,1,1,0.4,0.7,JAX,,5
22506,Brevin Jordan,HOU,TE,1,1,1,0.4,0.7,JAX,,5
20361,Ross Dwelley,SF,TE,1,1,1,0.4,0.6,DET,,27
21738,Juwan Johnson,NO,TE,1,1,1,0.4,0.6,GB,,28
22514,Kenny Yeboah,NYJ,TE,1,1,1,0.4,0.6,CAR,,10
22683,Jacob Harris,LAR,TE,1,1,1,0.4,0.6,CHI,,22
15247,Darren Fells,DET,TE,1,1,1,0.4,0.6,SF,,29
18931,Adam Shaheen,MIA,TE,1,1,1,0.3,0.6,NE,,17
3061,Marcedes Lewis,GB,TE,1,1,1,0.3,0.5,NO,,31
22823,Kylen Granson,IND,TE,1,1,1,0.3,0.6,SEA,5,26
19910,Ian Thomas,CAR,TE,1,1,1,0.3,0.6,NYJ,,6
22509,Hunter Long,MIA,TE,1,1,1,0.3,0.5,NE,,17
21158,Matt Sokol,LAC,TE,1,1,0,0.3,0.5,WAS,,14
19943,Durham Smythe,MIA,TE,1,1,1,0.3,0.5,NE,,17
20974,Kahale Warring,HOU,TE,1,1,1,0.3,0.5,JAX,,5
22206,Reggie Gilliam,BUF,TE,1,1,0,0.3,0.4,PIT,,24
17762,Chris Manhertz,JAX,TE,1,1,1,0.3,0.5,HOU,,18
19176,Darrell Daniels,ARI,TE,1,1,1,0.3,0.4,TEN,,30
15974,Jordan Matthews,SF,TE,1,1,1,0.3,0.5,DET,,27
21771,Devin Asiasi,NE,TE,1,1,1,0.2,0.4,MIA,,2
20069,Ryan Izzo,HOU,TE,1,1,1,0.2,0.4,JAX,,5
21795,Luke Farrell,JAX,TE,1,1,1,0.2,0.4,HOU,,18
14985,Ryan Griffin,NYJ,TE,1,1,1,0.2,0.4,CAR,,10
20946,Kaden Smith,NYG,TE,1,1,1,0.2,0.4,DEN,,20
18019,Nick Vannett,NO,TE,1,1,1,0.2,0.4,GB,,28
21678,Brycen Hopkins,LAR,TE,1,1,0,0.2,0.4,CHI,,22
21955,Thaddeus Moss,CIN,TE,1,1,0,0.2,0.4,MIN,,23
21785,Noah Gray,KC,TE,1,1,1,0.2,0.4,CLE,,4
16491,Richard Rodgers,PHI,TE,1,1,1,0.2,0.3,ATL,,16
20899,Josh Oliver,BAL,TE,1,1,1,0.2,0.3,LV,,15
22662,Tommy Tremble,CAR,TE,1,1,1,0.2,0.3,NYJ,,6
22512,Tre' McKitty,LAC,TE,1,1,1,0.2,0.3,WAS,,14
22657,John Bates,WAS,TE,1,1,1,0.2,0.3,LAC,,7
16920,Jesse James,CHI,TE,1,1,1,0.2,0.3,LAR,,12
19165,Johnny Mundt,LAR,TE,1,1,1,0.1,0.3,CHI,,22
20993,Caleb Wilson,WAS,TE,1,1,0,0.1,0.2,LAC,,7
21676,Jared Pinkney,TEN,TE,1,1,0,0.1,0.2,ARI,,13
15640,Derek Carrier,LV,TE,1,1,1,0.1,0.2,BAL,,21
16878,Blake Bell,KC,TE,1,1,1,0.1,0.2,CLE,,4
20506,Tanner Hudson,TB,TE,1,1,1,0.1,0.2,DAL,,25
20020,Jordan Thomas,IND,TE,1,1,1,0.1,0.2,SEA,5,26
21798,Josiah Deguara,GB,TE,1,1,1,0.1,0.2,NO,,31
20957,Tommy Sweeney,BUF,TE,1,1,1,0.1,0.2,PIT,,24
22119,Charlie Woerner,SF,TE,1,1,1,0.1,0.2,DET,,27
18498,J.P. Holtz,CHI,TE,1,1,1,0.1,0.2,LAR,,12
19067,Jeremy Sprinkle,DAL,TE,1,1,1,0.1,0.2,TB,,8
18262,Stephen Anderson,LAC,TE,1,1,1,0.1,0.2,WAS,,14
19335,Antony Auclair,HOU,TE,1,1,1,0.1,0.2,JAX,,5
15305,Demetrius Harris,ARI,TE,1,1,0,0.1,0.2,TEN,,30
21796,Noah Togiai,IND,TE,1,1,1,0.1,0.2,SEA,5,26
13370,Luke Stocker,TEN,TE,1,1,1,0.1,0.2,ARI,,13
17219,Daniel Brown,NYJ,TE,1,1,1,0.1,0.2,CAR,,10
16903,MyCole Pruitt,SF,TE,1,1,1,0.1,0.1,DET,,27
20770,Zach Gentry,PIT,TE,1,1,1,0.1,0.2,BUF,,9
21227,Andrew Beck,DEN,TE,1,1,1,0.1,0.1,NYG,,11
12777,Lee Smith,ATL,TE,1,1,1,0.1,0.1,PHI,,3
21161,Brandon Dillon,MIN,TE,1,1,1,0.1,0.1,CIN,12,19
22284,Ben Ellefson,JAX,TE,1,1,1,0.1,0.1,HOU,,18
19075,Mason Schreck,CIN,TE,1,1,1,0.1,0.1,MIN,,23
22477,Dominique Dafney,GB,TE,1,1,1,0.1,0.1,NO,,31
22902,Ben Mason,BAL,TE,1,1,0,0.1,0.1,LV,,15
22667,Zach Davidson,MIN,TE,1,1,1,0.1,0.1,CIN,12,19
20865,Alizé Mack,DET,TE,1,1,0,0.0,0.1,SF,,29
19035,Eric Saubert,DEN,TE,1,1,1,0.0,0.1,NYG,,11
19219,Cethan Carter,MIA,TE,1,1,1,0.0,0.1,NE,,17
17415,Matt LaCosse,NE,TE,1,1,1,0.0,0.1,MIA,,2
20977,Trevon Wesco,NYJ,TE,1,1,1,0.0,0.1,CAR,,10
21781,Sean McKeon,DAL,TE,1,1,1,0.0,0.1,TB,,8
17750,Ross Travis,ARI,TE,1,1,0,0.0,0.1,TEN,,30
18094,Temarrick Hemingway,WAS,TE,1,1,1,0.0,0.0,LAC,,7
19410,Ricky Seals-Jones,WAS,TE,1,1,1,0.0,0.0,LAC,,7
20812,Jesper Horsted,CHI,TE,1,1,1,0.0,0.0,LAR,,12
17223,Eric Tomlinson,BAL,TE,1,1,1,0.0,0.0,LV,,15
19579,Tyrone Swoopes,WAS,TE,1,1,1,0.0,0.0,LAC,,7
20134,Kevin Rader,PIT,TE,1,1,1,0.0,0.0,BUF,,9
22915,Sammis Reyes,WAS,TE,1,1,0,0.0,0.0,LAC,,7
19542,Colin Thompson,CAR,TE,1,1,1,0.0,0.0,NYJ,,6
22138,Tyler Davis,JAX,TE,1,1,1,0.0,0.0,HOU,,18
13275,Kyle Rudolph,NYG,TE,1,1,1,0.0,0.0,DEN,,20
15378,Levine Toilolo,NYG,TE,1,1,0,0.0,0.0,DEN,,20
16931,Nick Boyle,BAL,TE,1,1,1,0.0,0.0,LV,,15
18000,Bronson Kaufusi,GB,TE,0,0,0,0.0,0.0,NO,,31
18101,Jerell Adams,TB,TE,0,0,0,0.0,0.0,DAL,,25
18642,Alex Ellis,LV,TE,0,0,0,0.0,0.0,BAL,,21
18716,Garrett Griffin,NO,TE,0,0,0,0.0,0.0,GB,,28
19326,Cole Hikutini,NYG,TE,0,0,0,0.0,0.0,DEN,,20
19415,Jason Croom,PHI,TE,1,1,1,0.0,0.0,ATL,,16
19973,Troy Fumagalli,NE,TE,1,1,1,0.0,0.0,MIA,,2
19982,Dylan Cantrell,WAS,TE,0,0,0,0.0,0.0,LAC,,7
20083,Andrew Vollert,IND,TE,0,0,0,0.0,0.0,SEA,5,26
20174,Marcus Baugh,PIT,TE,1,1,0,0.0,0.0,BUF,,9
20193,Ethan Wolf,NO,TE,0,0,0,0.0,0.0,GB,,28
20199,David Wells,ATL,TE,0,0,0,0.0,0.0,PHI,,3
20264,Jordan Franks,CLE,TE,0,0,0,0.0,0.0,KC,,1
20314,Codey McElroy,TB,TE,0,0,0,0.0,0.0,DAL,,25
20662,Jaeden Graham,ATL,TE,1,1,0,0.0,0.0,PHI,,3
20823,Tyree Jackson,PHI,TE,1,1,0,0.0,0.0,ATL,,16
20893,Isaac Nauta,GB,TE,1,1,1,0.0,0.0,NO,,31
20952,Jace Sternberger,GB,TE,1,1,1,0.0,0.0,NO,,31
21032,Kendall Blanton,LAR,TE,0,0,0,0.0,0.0,CHI,,22
21208,Ian Bunting,ARI,TE,0,0,0,0.0,0.0,TEN,,30
21278,Stephen Carlson,CLE,TE,1,1,1,0.0,0.0,KC,,1
21369,Austin Fort,DEN,TE,0,0,0,0.0,0.0,NYG,,11
21409,Nate Becker,BUF,TE,0,0,0,0.0,0.0,PIT,,24
21531,Chris Myarick,MIA,TE,0,0,0,0.0,0.0,NE,,17
21683,Hunter Bryant,DET,TE,1,1,1,0.0,0.0,SF,,29
21719,Nick Bowers,LV,TE,0,0,0,0.0,0.0,BAL,,21
21732,Giovanni Ricci,CAR,TE,1,1,0,0.0,0.0,NYJ,,6
21745,Matt Seybert,LAC,TE,0,0,0,0.0,0.0,WAS,,14
21770,Kyle Markway,LAR,TE,0,0,0,0.0,0.0,CHI,,22
21800,Mitchell Wilcox,CIN,TE,0,0,0,0.0,0.0,MIN,,23
21807,Colby Parkinson,SEA,TE,1,1,1,0.0,0.0,IND,2,32
21808,Dalton Keene,NE,TE,1,1,0,0.0,0.0,MIA,,2
21863,Charlie Taumoepeau,DET,TE,1,1,0,0.0,0.0,SF,,29
21865,Stephen Sullivan,CAR,TE,0,0,0,0.0,0.0,NYJ,,6
21958,Dom Wood-Anderson,SEA,TE,0,0,0,0.0,0.0,IND,,32
22163,Ryan Becker,ATL,TE,0,0,0,0.0,0.0,PHI,,3
22220,Cam Sutton,SEA,TE,0,0,0,0.0,0.0,IND,2,32
22347,Nakia Griffin-Stewart,NYG,TE,0,0,0,0.0,0.0,DEN,,20
22365,Rysen John,NYG,TE,0,0,0,0.0,0.0,DEN,,20
22407,Tyler Mabry,SEA,TE,0,0,0,0.0,0.0,IND,2,32
22418,Tommy Hudson,TEN,TE,0,0,0,0.0,0.0,ARI,,13
22436,Rashod Berry,DET,TE,0,0,0,0.0,0.0,SF,,29
22458,Farrod Green,IND,TE,0,0,0,0.0,0.0,SEA,5,26
22473,Connor Davis,CLE,TE,0,0,0,0.0,0.0,KC,,1
22475,Paul Quessenberry,HOU,TE,0,0,0,0.0,0.0,JAX,,5
22511,Quintin Morris,BUF,TE,1,1,0,0.0,0.0,PIT,,24
22513,Tony Poljan,BAL,TE,1,1,0,0.0,0.0,LV,,15
22516,Cary Angeline,PHI,TE,0,0,0,0.0,0.0,ATL,,16
22518,Matt Bushman,LV,TE,1,1,0,0.0,0.0,BAL,,21
22519,Nick Eubanks,DAL,TE,1,1,0,0.0,0.0,TB,,8
22520,Miller Forristall,TEN,TE,0,0,0,0.0,0.0,ARI,,13
22658,Shaun Beyer,DEN,TE,1,1,0,0.0,0.0,NYG,,11
22659,Dylan Soehner,NO,TE,0,0,0,0.0,0.0,GB,,28
22660,Briley Moore,TEN,TE,0,0,0,0.0,0.0,ARI,,13
22661,Jack Stoll,PHI,TE,0,0,0,0.0,0.0,ATL,,16
22663,Hunter Kampmoyer,LAC,TE,0,0,0,0.0,0.0,WAS,,14
22664,Scooter Harrington,CHI,TE,0,0,0,0.0,0.0,LAR,,12
22666,Artayvious Lynn,DAL,TE,0,0,0,0.0,0.0,TB,,8
23010,Brock Wright,DET,TE,0,0,0,0.0,0.0,SF,,29
23048,Bruno Labelle,ARI,TE,0,0,0,0.0,0.0,TEN,,30
23050,John Raine,ATL,TE,0,0,0,0.0,0.0,PHI,,3
23060,Jake Hausmann,NYG,TE,0,0,0,0.0,0.0,DEN,,20
23063,Bernhard Seikovits,ARI,TE,0,0,0,0.0,0.0,TEN,,30
23084,Shane Zylstra,MIN,TE,0,0,0,0.0,0.0,CIN,12,19
23101,Parker Hesse,ATL,TE,0,0,0,0.0,0.0,PHI,,3
23106,Daniel Crawford,GB,TE,0,0,0,0.0,0.0,NO,,31
16470,Davante Adams,GB,WR,1,1,1,3.6,10.3,NO,,20
18082,Tyreek Hill,KC,WR,1,1,1,3.5,5.0,CLE,,23
20875,DK Metcalf,SEA,WR,1,1,1,3.1,4.6,IND,2,15
21042,A.J. Brown,TEN,WR,1,1,1,3.0,4.4,ARI,,4
19802,Calvin Ridley,ATL,WR,1,1,1,3.0,4.6,PHI,,18
21685,Justin Jefferson,MIN,WR,1,1,1,2.9,4.4,CIN,12,1
14986,DeAndre Hopkins,ARI,WR,1,1,1,2.9,4.8,TEN,,17
16906,Stefon Diggs,BUF,WR,1,1,1,2.8,4.6,PIT,,26
16597,Mike Evans,TB,WR,1,1,1,2.7,3.9,DAL,,10
16263,Allen Robinson II,CHI,WR,1,1,1,2.7,4.2,LAR,,11
20873,Terry McLaurin,WAS,WR,1,1,1,2.6,4.1,LAC,,25
18880,Chris Godwin,TB,WR,1,1,1,2.5,3.8,DAL,,10
15076,Keenan Allen,LAC,WR,1,1,1,2.5,4.2,WAS,,16
13291,Julio Jones,TEN,WR,1,1,1,2.5,3.7,ARI,,4
14871,Robert Woods,LAR,WR,1,1,1,2.4,3.9,CHI,,8
19844,DJ Moore,CAR,WR,1,1,1,2.4,3.7,NYJ,,3
16765,Amari Cooper,DAL,WR,1,1,1,2.3,3.8,TB,,21
18977,Kenny Golladay,NYG,WR,1,1,1,2.3,3.3,DEN,,7
15534,Adam Thielen,MIN,WR,1,1,1,2.2,3.5,CIN,12,1
16830,Tyler Lockett,SEA,WR,1,1,1,2.2,3.7,IND,2,15
21747,Brandon Aiyuk,SF,WR,1,1,1,2.2,3.3,DET,,2
18882,Cooper Kupp,LAR,WR,1,1,1,2.2,3.6,CHI,,8
21077,Diontae Johnson,PIT,WR,1,1,1,2.2,3.6,BUF,,29
18914,Mike Williams,LAC,WR,1,1,1,2.1,3.1,WAS,,16
21692,Jerry Jeudy,DEN,WR,1,1,1,2.1,3.3,NYG,,27
19800,Courtland Sutton,DEN,WR,1,1,1,2.1,3.2,NYG,,27
21690,Tee Higgins,CIN,WR,1,1,1,2.1,3.4,MIN,,24
21752,Chase Claypool,PIT,WR,1,1,1,2.1,3.2,BUF,,29
22564,Ja'Marr Chase,CIN,WR,1,1,1,2.1,3.3,MIN,,24
16389,Odell Beckham Jr.,CLE,WR,1,1,1,2.1,3.2,KC,,28
19816,DJ Chark Jr.,JAX,WR,1,1,1,2.1,3.2,HOU,,9
18883,JuJu Smith-Schuster,PIT,WR,1,1,1,2.1,3.5,BUF,,29
18187,Robby Anderson,CAR,WR,1,1,1,2.1,3.4,NYJ,,3
16568,Brandin Cooks,HOU,WR,1,1,1,2.0,3.2,JAX,,19
19867,Michael Gallup,DAL,WR,1,1,1,2.0,3.0,TB,,21
20932,Deebo Samuel,SF,WR,1,1,1,1.9,3.0,DET,,2
21687,DeVonta Smith,PHI,WR,1,1,1,1.9,2.9,ATL,,12
18928,Curtis Samuel,WAS,WR,1,1,1,1.9,2.9,LAC,,25
13870,Marvin Jones Jr.,JAX,WR,1,1,1,1.9,2.9,HOU,,9
18879,Corey Davis,NYJ,WR,1,1,1,1.9,3.0,CAR,,5
17986,Tyler Boyd,CIN,WR,1,1,1,1.9,3.2,MIN,,24
16020,Jarvis Landry,CLE,WR,1,1,1,1.8,3.0,KC,,28
16775,DeVante Parker,MIA,WR,1,1,1,1.8,2.9,NE,,22
21697,Laviska Shenault Jr.,JAX,WR,1,1,1,1.8,2.9,HOU,,9
11056,Antonio Brown,TB,WR,1,1,1,1.7,2.9,DAL,,10
21045,Marquise Brown,BAL,WR,1,1,1,1.7,2.7,LV,,14
19897,Tre'Quan Smith,NO,WR,1,1,1,1.7,2.5,GB,,32
22598,Jaylen Waddle,MIA,WR,1,1,1,1.7,2.7,NE,,22
14005,T.Y. Hilton,IND,WR,1,1,1,1.7,2.6,SEA,5,13
16781,Nelson Agholor,NE,WR,1,1,1,1.7,2.5,MIA,,6
21744,Michael Pittman Jr.,IND,WR,1,1,1,1.6,2.7,SEA,5,13
20788,Mecole Hardman,KC,WR,1,1,1,1.6,2.5,CLE,,23
21694,Henry Ruggs III,LV,WR,1,1,1,1.6,2.4,BAL,,31
11063,Emmanuel Sanders,BUF,WR,1,1,1,1.6,2.5,PIT,,26
21961,Darnell Mooney,CHI,WR,1,1,1,1.6,2.6,LAR,,11
20006,Russell Gage,ATL,WR,1,1,1,1.5,2.6,PHI,,18
21735,Gabriel Davis,BUF,WR,1,1,1,1.5,2.2,PIT,,26
22592,Elijah Moore,NYJ,WR,1,1,1,1.5,2.5,CAR,,5
17048,Tyrell Williams,DET,WR,1,1,1,1.5,2.3,SF,,30
22626,Rondale Moore,ARI,WR,1,1,1,1.5,2.4,TEN,,17
20876,Jakobi Meyers,NE,WR,1,1,1,1.5,2.5,MIA,,6
22685,Terrace Marshall Jr.,CAR,WR,1,1,1,1.5,2.3,NYJ,,3
14141,Cole Beasley,BUF,WR,1,1,1,1.5,2.5,PIT,,26
16787,Breshad Perriman,DET,WR,1,1,1,1.5,2.2,SF,,30
21686,Jalen Reagor,PHI,WR,1,1,1,1.4,2.3,ATL,,12
17961,Sterling Shepard,NYG,WR,1,1,1,1.4,2.5,DEN,,7
21750,Marquez Callaway,NO,WR,1,1,1,1.4,2.2,GB,,32
12845,A.J. Green,ARI,WR,1,1,1,1.4,2.3,TEN,,17
21736,Bryan Edwards,LV,WR,1,1,1,1.4,2.1,BAL,,31
13227,Randall Cobb,GB,WR,1,1,1,1.4,2.3,NO,,20
21739,Van Jefferson,LAR,WR,1,1,1,1.3,2.1,CHI,,8
16866,Jamison Crowder,NYJ,WR,1,1,1,1.3,2.1,CAR,,5
21756,Nico Collins,HOU,WR,1,1,1,1.3,2.0,JAX,,19
20943,Darius Slayton,NYG,WR,1,1,1,1.3,1.9,DEN,,7
22587,Amon-Ra St. Brown,DET,WR,1,1,1,1.2,2.1,SF,,30
19514,Keelan Cole,NYJ,WR,1,1,1,1.2,1.9,CAR,,5
19815,Christian Kirk,ARI,WR,1,1,1,1.2,2.0,TEN,,17
21005,Parris Campbell,IND,WR,1,1,1,1.2,2.0,SEA,5,13
19976,Marquez Valdes-Scantling,GB,WR,1,1,1,1.2,1.7,NO,,20
16003,Sammy Watkins,BAL,WR,1,1,1,1.2,1.9,LV,,14
16640,John Brown,LV,WR,1,1,1,1.2,1.9,BAL,,31
3943,DeSean Jackson,LAR,WR,1,1,1,1.2,1.7,CHI,,8
19172,Zach Pascal,IND,WR,1,1,1,1.1,1.7,SEA,5,13
18089,Rashard Higgins,CLE,WR,1,1,1,1.1,1.7,KC,,28
20145,Allen Lazard,GB,WR,1,1,1,1.1,1.7,NO,,20
22569,D'Wayne Eskridge,SEA,WR,1,1,1,1.1,1.6,IND,2,15
22614,Kadarius Toney,NYG,WR,1,1,1,1.0,1.6,DEN,,7
19865,James Washington,PIT,WR,1,1,1,1.0,1.5,BUF,,29
19937,Keke Coutee,HOU,WR,1,1,1,1.0,1.6,JAX,,19
21759,K.J. Hamler,DEN,WR,1,1,1,1.0,1.6,NYG,,27
21448,Jalen Guyton,LAC,WR,1,1,1,1.0,1.4,WAS,,16
19017,Josh Reynolds,TEN,WR,1,1,1,1.0,1.5,ARI,,4
21754,Donovan Peoples-Jones,CLE,WR,1,1,1,1.0,1.5,KC,,28
20924,Hunter Renfrow,LV,WR,1,1,1,1.0,1.7,BAL,,31
20150,Byron Pringle,KC,WR,1,1,1,1.0,1.5,CLE,,23
21729,Quintez Cephus,DET,WR,1,1,1,0.9,1.4,SF,,30
18047,Demarcus Robinson,KC,WR,1,1,1,0.9,1.5,CLE,,23
21142,Olamide Zaccheaus,ATL,WR,1,1,1,0.9,1.5,PHI,,18
19864,Anthony Miller,HOU,WR,1,1,1,0.9,1.5,JAX,,19
21741,Denzel Mims,NYJ,WR,1,1,1,0.9,1.4,CAR,,5
16837,Chris Conley,HOU,WR,1,1,1,0.9,1.5,JAX,,19
20838,Tyron Johnson,LAC,WR,1,1,1,0.9,1.3,WAS,,16
21957,Quez Watkins,PHI,WR,1,1,1,0.9,1.4,ATL,,12
19318,Kendrick Bourne,NE,WR,1,1,1,0.9,1.4,MIA,,6
19207,Tim Patrick,DEN,WR,1,1,1,0.8,1.3,NYG,,27
20057,Auden Tate,CIN,WR,1,1,1,0.8,1.3,MIN,,24
22686,Dyami Brown,WAS,WR,1,1,1,0.8,1.2,LAC,,25
22602,Tutu Atwell,LAR,WR,1,1,1,0.8,1.3,CHI,,8
17141,Damiere Byrd,CHI,WR,1,1,1,0.8,1.3,LAR,,11
21730,Collin Johnson,JAX,WR,1,1,1,0.7,1.1,HOU,,9
22575,Amari Rodgers,GB,WR,1,1,1,0.7,1.1,NO,,20
20988,Preston Williams,MIA,WR,1,1,1,0.7,1.1,NE,,22
21163,Deonte Harris,NO,WR,1,1,1,0.7,1.1,GB,,32
21138,Scotty Miller,TB,WR,1,1,1,0.7,1.0,DAL,,10
17290,Adam Humphries,WAS,WR,1,1,1,0.6,1.1,LAC,,25
20529,Cam Sims,WAS,WR,1,1,1,0.6,1.0,LAC,,25
22613,Joshua Palmer,LAC,WR,1,1,1,0.6,1.0,WAS,,16
19043,Isaiah McKenzie,BUF,WR,1,1,1,0.6,1.0,PIT,,26
18992,Dede Westbrook,MIN,WR,1,1,1,0.6,1.0,CIN,,1
13878,Mohamed Sanu Sr.,SF,WR,1,1,1,0.6,1.0,DET,,2
19705,Greg Ward,PHI,WR,1,1,1,0.6,1.1,ATL,,12
20762,Travis Fulgham,PHI,WR,1,1,1,0.6,0.9,ATL,,12
22591,Dez Fitzpatrick,TEN,WR,1,1,1,0.6,0.9,ARI,,4
14865,Marquise Goodwin,CHI,WR,1,1,1,0.6,0.9,LAR,,11
22620,Mike Strachan,IND,WR,1,1,1,0.5,0.9,SEA,5,13
22588,Anthony Schwartz,CLE,WR,1,1,1,0.5,0.7,KC,,28
21960,Freddie Swain,SEA,WR,1,1,1,0.5,0.7,IND,2,15
21675,Tyler Johnson,TB,WR,1,1,1,0.5,0.7,DAL,,10
20077,Richie James,SF,WR,1,1,1,0.5,0.8,DET,,2
19120,David Moore,CAR,WR,1,1,1,0.5,0.7,NYJ,,3
21721,Devin Duvernay,BAL,WR,1,1,1,0.5,0.7,LV,,14
21037,Miles Boykin,BAL,WR,1,1,1,0.5,0.7,LV,,14
16141,Willie Snead IV,LV,WR,1,1,1,0.5,0.7,BAL,,31
20013,Cedrick Wilson,DAL,WR,1,1,1,0.4,0.7,TB,,21
21743,Lynn Bowden Jr.,MIA,WR,1,1,1,0.4,0.7,NE,,22
18269,Geronimo Allison,DET,WR,1,1,1,0.4,0.8,SF,,30
22609,Shi Smith,CAR,WR,1,1,1,0.4,0.7,NYJ,,3
16308,Albert Wilson,MIA,WR,1,1,1,0.4,0.7,NE,,22
21967,Isaiah Coulter,CHI,WR,1,1,0,0.4,0.6,LAR,,11
22604,Tylan Wallace,BAL,WR,1,1,1,0.4,0.6,LV,,14
18881,John Ross,NYG,WR,1,1,1,0.4,0.6,DEN,,7
20817,Jalen Hurd,SF,WR,1,1,1,0.4,0.6,DET,,2
16802,Devin Funchess,GB,WR,1,1,1,0.3,0.6,NO,,20
19080,Noah Brown,DAL,WR,1,1,1,0.3,0.5,TB,,21
20835,KeeSean Johnson,ARI,WR,1,1,1,0.3,0.6,TEN,,17
21400,Steven Sims Jr.,WAS,WR,1,1,1,0.3,0.5,LAC,,25
20582,Chad Beebe,MIN,WR,1,1,1,0.3,0.5,CIN,12,1
18103,Jakeem Grant Sr.,MIA,WR,1,1,1,0.2,0.4,NE,,22
20224,Christian Blake,ATL,WR,1,1,1,0.2,0.4,PHI,,18
22596,Jaelon Darden,TB,WR,1,1,1,0.2,0.4,DAL,,10
19361,Marcus Kemp,KC,WR,1,1,1,0.2,0.4,CLE,,23
20398,Equanimeous St. Brown,GB,WR,1,1,1,0.2,0.4,NO,,20
16790,Phillip Dorsett II,JAX,WR,1,1,1,0.2,0.4,HOU,,9
20372,Cameron Batson,TEN,WR,1,1,1,0.2,0.4,ARI,,4
17289,Jake Kumerow,BUF,WR,1,1,0,0.2,0.3,PIT,,26
20816,Lil'Jordan Humphrey,NO,WR,1,1,1,0.2,0.4,GB,,32
22590,Ben Skowronek,LAR,WR,1,1,1,0.2,0.4,CHI,,8
22594,Frank Darby,ATL,WR,1,1,1,0.2,0.4,PHI,,18
22276,DeMichael Harris,IND,WR,1,1,1,0.2,0.4,SEA,5,13
18926,Zay Jones,LV,WR,1,1,1,0.2,0.3,BAL,,31
22595,Ihmir Smith-Marsette,MIN,WR,1,1,1,0.2,0.3,CIN,12,1
20793,Penny Hart,SEA,WR,1,1,1,0.2,0.3,IND,2,15
22572,Dax Milne,WAS,WR,1,1,1,0.2,0.4,LAC,,25
19854,Dante Pettis,NYG,WR,1,1,1,0.2,0.3,DEN,,7
19961,Ray-Ray McCloud,PIT,WR,1,1,1,0.2,0.4,BUF,,29
21731,John Hightower,PHI,WR,1,1,1,0.2,0.3,ATL,,12
17914,Laquon Treadwell,JAX,WR,1,1,1,0.2,0.3,HOU,,9
18422,Kalif Raymond,DET,WR,1,1,1,0.2,0.3,SF,,30
18030,Chris Moore,HOU,WR,1,1,1,0.2,0.3,JAX,,19
18197,Alex Erickson,HOU,WR,1,1,1,0.2,0.3,JAX,,19
21078,Jeff Smith,NYJ,WR,1,1,1,0.2,0.3,CAR,,5
21714,K.J. Osborn,MIN,WR,1,1,1,0.2,0.3,CIN,12,1
16855,Ty Montgomery,NO,WR,1,1,1,0.2,0.3,GB,,32
18445,Mike Thomas,CIN,WR,1,1,1,0.2,0.3,MIN,,24
19098,Isaiah Ford,MIA,WR,1,1,0,0.2,0.3,NE,,22
20038,Braxton Berrios,NYJ,WR,1,1,1,0.2,0.3,CAR,,5
21056,Hakeem Butler,PHI,WR,1,1,1,0.2,0.3,ATL,,12
20011,Javon Wims,CHI,WR,1,1,1,0.2,0.3,LAR,,11
22618,Marquez Stevenson,BUF,WR,1,1,1,0.2,0.3,PIT,,26
21725,Trishton Jackson,LAR,WR,1,1,0,0.2,0.4,CHI,,8
21601,Gunner Olszewski,NE,WR,1,1,1,0.2,0.2,MIA,,6
22573,Dazz Newsome,CHI,WR,1,1,1,0.2,0.3,LAR,,11
21734,Nick Westbrook-Ikhine,TEN,WR,1,1,1,0.2,0.2,ARI,,4
22568,Cornell Powell,KC,WR,1,1,1,0.2,0.2,CLE,,23
18058,Tajaé Sharpe,ATL,WR,1,1,1,0.1,0.3,PHI,,18
20742,J.J. Arcega-Whiteside,PHI,WR,1,1,1,0.1,0.3,ATL,,12
14828,Chris Hogan,NO,WR,1,1,1,0.1,0.2,GB,,32
21742,Antonio Gandy-Golden,WAS,WR,1,1,1,0.1,0.3,LAC,,25
19044,Jamal Agnew,JAX,WR,1,1,1,0.1,0.2,HOU,,9
15215,Tavon Austin,JAX,WR,1,1,1,0.1,0.2,HOU,,9
20679,KhaDarel Hodge,CLE,WR,1,1,1,0.1,0.2,KC,,28
19064,Trent Taylor,CIN,WR,1,1,1,0.1,0.2,MIN,,24
21737,Tyrie Cleveland,DEN,WR,1,1,1,0.1,0.2,NYG,,27
22608,Seth Williams,DEN,WR,1,1,1,0.1,0.2,NYG,,27
22622,Racey McMath,TEN,WR,1,1,1,0.1,0.2,ARI,,4
18209,Marcus Johnson,TEN,WR,1,1,1,0.1,0.2,ARI,,4
11565,Andre Roberts,HOU,WR,1,1,1,0.1,0.2,JAX,,19
22615,Kawaan Baker,NO,WR,1,1,1,0.1,0.2,GB,,32
22635,Jalen Camp,JAX,WR,1,1,1,0.1,0.2,HOU,,9
22612,Tre Nixon,NE,WR,1,1,1,0.1,0.2,MIA,,6
21071,Greg Dortch,ARI,WR,1,1,0,0.1,0.2,TEN,,17
21718,Joe Reed,LAC,WR,1,1,1,0.1,0.2,WAS,,16
20081,Trent Sherfield,SF,WR,1,1,1,0.1,0.1,DET,,2
21749,Isaiah Zuber,NE,WR,1,1,1,0.1,0.1,MIA,,6
22645,Simi Fehoko,DAL,WR,1,1,1,0.1,0.2,TB,,21
20886,Stanley Morgan,CIN,WR,1,1,0,0.1,0.2,MIN,,24
21758,K.J. Hill Jr.,LAC,WR,1,1,1,0.1,0.2,WAS,,16
21963,Omar Bayless,CAR,WR,1,1,0,0.1,0.1,NYJ,,3
19317,Victor Bolden,DET,WR,1,1,1,0.1,0.1,SF,,30
21760,Isaiah Hodgins,BUF,WR,1,1,0,0.1,0.1,PIT,,26
20925,Riley Ridley,CHI,WR,1,1,1,0.1,0.1,LAR,,11
20487,Brandon Powell,BUF,WR,1,1,1,0.1,0.1,PIT,,26
20722,Diontae Spencer,DEN,WR,1,1,1,0.1,0.1,NYG,,27
21862,Austin Mack,NYG,WR,1,1,1,0.1,0.1,DEN,,7
19755,River Cracraft,SF,WR,1,1,1,0.1,0.1,DET,,2
18361,Chester Rogers,TEN,WR,1,1,1,0.1,0.1,ARI,,4
18039,Pharoh Cooper,JAX,WR,1,1,1,0.0,0.1,HOU,,9
21755,Isaiah Wright,WAS,WR,1,1,1,0.0,0.1,LAC,,25
21169,Malik Taylor,GB,WR,1,1,1,0.0,0.1,NO,,20
13887,Travis Benjamin,SF,WR,1,1,1,0.0,0.1,DET,,2
19023,Mack Hollins,MIA,WR,1,1,1,0.0,0.1,NE,,22
19969,Damion Ratley,DET,WR,1,1,1,0.0,0.0,SF,,30
19200,C.J. Board,NYG,WR,1,1,1,0.0,0.0,DEN,,7
20295,Vyncint Smith,NYJ,WR,1,1,1,0.0,0.0,CAR,,5
21959,Dezmon Patmon,IND,WR,1,1,0,0.0,0.0,SEA,5,13
19779,Brandon Zylstra,CAR,WR,1,1,1,0.0,0.0,NYJ,,3
21723,James Proche II,BAL,WR,1,1,1,0.0,0.0,LV,,14
21962,Malcolm Perry,MIA,WR,1,1,0,0.0,0.0,NE,,22
22340,Matt Cole,NYG,WR,1,1,0,0.0,0.0,DEN,,7
20684,Malik Turner,DAL,WR,1,1,1,0.0,0.0,TB,,21
17218,DeAndre Carter,WAS,WR,1,1,1,0.0,0.0,LAC,,25
21513,Darrius Shepherd,KC,WR,1,1,1,0.0,0.0,CLE,,23
16768,Kevin White,NO,WR,1,1,0,0.0,0.0,GB,,32
18896,Cyril Grayson,TB,WR,1,1,0,0.0,0.0,DAL,,10
19358,Gehrig Dieter,KC,WR,1,1,1,0.0,0.0,CLE,,23
19671,Fred Brown,TEN,WR,1,1,1,0.0,0.0,ARI,,4
19811,Marcell Ateman,LV,WR,1,1,1,0.0,0.0,BAL,,31
20250,Robert Foster,MIA,WR,1,1,1,0.0,0.0,NE,,22
20511,Chris Lacy,CHI,WR,1,1,0,0.0,0.0,LAR,,11
21072,Keelan Doss,LV,WR,1,1,1,0.0,0.0,BAL,,31
21178,Jason Moore,LAC,WR,1,1,1,0.0,0.0,WAS,,16
21295,Nsimba Webster,SF,WR,1,1,0,0.0,0.0,DET,,2
21312,Alexander Hollins,CLE,WR,1,1,1,0.0,0.0,KC,,28
21349,Ashton Dulin,IND,WR,1,1,1,0.0,0.0,SEA,5,13
22177,Chris Rowland,ATL,WR,1,1,1,0.0,0.0,PHI,,18
22244,Ja'Marcus Bradley,CLE,WR,1,1,1,0.0,0.0,KC,,28
22345,Dan Chisena,MIN,WR,1,1,1,0.0,0.0,CIN,12,1
18673,Jaydon Mickens,TB,WR,1,1,0,0.0,0.0,DAL,,10
19006,Josh Malone,NYJ,WR,1,1,1,0.0,0.0,CAR,,5
19184,JoJo Natson,CLE,WR,1,1,1,0.0,0.0,KC,,28
21728,Lawrence Cager,NYJ,WR,1,1,1,0.0,0.0,CAR,,5
22213,Kendall Hinton,DEN,WR,1,1,0,0.0,0.0,NYG,,27
20071,Keith Kirkwood,CAR,WR,1,1,1,0.0,0.0,NYJ,,3
21263,Trenton Irwin,CIN,WR,1,1,1,0.0,0.0,MIN,,24
18666,Duke Williams,BUF,WR,1,1,1,0.0,0.0,PIT,,26
22417,Kristian Wilkerson,NE,WR,1,1,0,0.0,0.0,MIA,,6
7651,Matthew Slater,NE,WR,1,1,1,0.0,0.0,MIA,,6
21115,Juwann Winfree,GB,WR,1,1,0,0.0,0.0,NO,,20
16253,Allen Hurns,MIA,WR,1,1,1,0.0,0.0,NE,,22
16919,J.J. Nelson,IND,WR,1,1,0,0.0,0.0,SEA,5,13
17070,Darius Jennings,DET,WR,0,0,0,0.0,0.0,SF,,30
17916,William Fuller V,MIA,WR,1,1,1,0.0,0.0,NE,,22
17960,Michael Thomas,NO,WR,1,1,1,0.0,0.0,GB,,32
18080,Trevor Davis,ATL,WR,0,0,0,0.0,0.0,PHI,,18
18343,Marken Michel,PHI,WR,0,0,0,0.0,0.0,ATL,,12
18401,Tommylee Lewis,NO,WR,0,0,0,0.0,0.0,GB,,32
18540,Tevin Jones,JAX,WR,0,0,0,0.0,0.0,HOU,,9
18717,Marvin Hall,NE,WR,1,1,1,0.0,0.0,MIA,,6
18971,Taywan Taylor,HOU,WR,1,1,0,0.0,0.0,JAX,,19
19008,Ryan Switzer,CLE,WR,1,1,1,0.0,0.0,KC,,28
19054,Rodney Adams,CHI,WR,0,0,0,0.0,0.0,LAR,,11
19179,Bug Howard,BUF,WR,0,0,0,0.0,0.0,PIT,,26
19403,Krishawn Hogan,CAR,WR,0,0,0,0.0,0.0,NYJ,,3
19431,Tanner Gentry,BUF,WR,0,0,0,0.0,0.0,PIT,,26
19568,Andre Patton,PHI,WR,0,0,0,0.0,0.0,ATL,,12
19582,Reggie Davis,DAL,WR,0,0,0,0.0,0.0,TB,,21
19668,Lance Lenoir,BUF,WR,0,0,0,0.0,0.0,PIT,,26
19916,DaeSean Hamilton,DEN,WR,0,0,0,0.0,0.0,NYG,,27
19922,Justin Watson,TB,WR,1,1,1,0.0,0.0,DAL,,10
19935,J'Mon Moore,ATL,WR,0,0,0,0.0,0.0,PHI,,18
19980,Deon Cain,BAL,WR,0,0,0,0.0,0.0,LV,,14
19981,Daurice Fountain,KC,WR,0,0,0,0.0,0.0,CLE,,23
20052,Austin Proehl,LAC,WR,0,0,0,0.0,0.0,WAS,,16
20079,Trey Quinn,LV,WR,1,1,1,0.0,0.0,BAL,,31
20194,Rico Gafford,ARI,WR,0,0,0,0.0,0.0,TEN,,17
20227,Devin Gray,BAL,WR,0,0,0,0.0,0.0,LV,,14
20375,Devin Ross,NE,WR,0,0,0,0.0,0.0,MIA,,6
20376,Jordan Veasy,HOU,WR,0,0,0,0.0,0.0,JAX,,19
20388,De'Mornay Pierson-El,DEN,WR,0,0,0,0.0,0.0,NYG,,27
20550,John Franklin,TB,WR,0,0,0,0.0,0.0,DAL,,10
20775,Terry Godwin,JAX,WR,1,1,1,0.0,0.0,HOU,,9
20792,N'Keal Harry,NE,WR,1,1,1,0.0,0.0,MIA,,6
20820,Andy Isabella,ARI,WR,1,1,1,0.0,0.0,TEN,,17
20830,Anthony Johnson,PIT,WR,1,1,0,0.0,0.0,BUF,,29
20836,Bisi Johnson,MIN,WR,1,1,1,0.0,0.0,CIN,12,1
20939,David Sills V,NYG,WR,1,1,0,0.0,0.0,DEN,,7
20963,Cody Thompson,SEA,WR,1,1,0,0.0,0.0,IND,2,15
20970,John Ursua,SEA,WR,1,1,1,0.0,0.0,IND,2,15
20979,Antoine Wesley,ARI,WR,1,1,0,0.0,0.0,TEN,,17
21070,Johnnie Dixon,DAL,WR,0,0,0,0.0,0.0,TB,,21
21106,Ishmael Hyman,CAR,WR,0,0,1,0.0,0.0,NYJ,,3
21254,Michael Walker,PHI,WR,0,0,0,0.0,0.0,ATL,,12
21294,Alex Bachman,NYG,WR,0,0,0,0.0,0.0,DEN,,7
21311,Davion Davis,CLE,WR,0,0,0,0.0,0.0,KC,,28
21318,A.J. Richardson,ARI,WR,0,0,0,0.0,0.0,TEN,,17
21368,Trinity Benson,DEN,WR,0,0,0,0.0,0.0,NYG,,27
21383,Jody Fortson,KC,WR,1,1,0,0.0,0.0,CLE,,23
21451,Jon'Vea Johnson,CHI,WR,0,0,0,0.0,0.0,LAR,,11
21473,D.J. Montgomery,NYJ,WR,0,0,0,0.0,0.0,CAR,,5
21526,DeAndre Thompkins,GB,WR,0,0,0,0.0,0.0,NO,,20
21528,Damion Willis,NYG,WR,0,0,0,0.0,0.0,DEN,,7
21556,Tom Kennedy,DET,WR,0,0,0,0.0,0.0,SF,,30
21679,CeeDee Lamb,DAL,WR,1,1,1,0.0,0.0,TB,,21
21708,Reggie Begelton,GB,WR,0,0,0,0.0,0.0,NO,,20
21717,Jauan Jennings,SF,WR,0,0,0,0.0,0.0,DET,,2
21722,Binjimen Victor,BAL,WR,0,0,0,0.0,0.0,LV,,14
21724,Easop Winston Jr.,NO,WR,0,0,0,0.0,0.0,GB,,32
21746,Tarik Black,IND,WR,1,1,1,0.0,0.0,SEA,5,13
21751,Aaron Fuller,SEA,WR,1,1,0,0.0,0.0,IND,2,15
21753,Tyler Vaughns,IND,WR,0,0,0,0.0,0.0,SEA,5,13
21761,Quartney Davis,IND,WR,0,0,0,0.0,0.0,SEA,,13
21954,Stephen Guidry,DAL,WR,0,0,0,0.0,0.0,TB,,21
21964,Cody White,PIT,WR,0,0,0,0.0,0.0,BUF,,29
21969,Aaron Parker,DAL,WR,0,0,0,0.0,0.0,TB,,21
22090,Tony Brown,WAS,WR,0,0,0,0.0,0.0,LAC,,25
22176,Juwan Green,ATL,WR,0,0,0,0.0,0.0,PHI,,18
22193,Jaylon Moore,BAL,WR,0,0,0,0.0,0.0,LV,,14
22234,Andre Baccellia,ARI,WR,0,0,0,0.0,0.0,TEN,,17
22235,Maurice Ffrench,KC,WR,0,0,0,0.0,0.0,CLE,,23
22238,Scotty Washington,CIN,WR,0,0,0,0.0,0.0,MIN,,24
22271,Tyler Simmons,PIT,WR,0,0,0,0.0,0.0,BUF,,29
22283,Josh Hammond,JAX,WR,0,0,0,0.0,0.0,HOU,,9
22301,Siaosi Mariner,BAL,WR,0,0,0,0.0,0.0,LV,,14
22311,Jeff Cotton,JAX,WR,0,0,0,0.0,0.0,HOU,,9
22312,Dalton Schoen,KC,WR,0,0,0,0.0,0.0,CLE,,23
22327,J.J. Koski,LAR,WR,0,0,0,0.0,0.0,CHI,,8
22339,Kirk Merritt,MIA,WR,0,0,0,0.0,0.0,NE,,22
22385,Manasseh Bailey,NYJ,WR,0,0,0,0.0,0.0,CAR,,5
22415,Mason Kinsey,TEN,WR,0,0,0,0.0,0.0,ARI,,4
22432,Travis Jonsen,TB,WR,0,0,0,0.0,0.0,DAL,,10
22433,John Hurst,LAC,WR,0,0,0,0.0,0.0,WAS,,16
22435,Michael Dereus,BAL,WR,0,0,0,0.0,0.0,LV,,14
22488,Chris Blair,GB,WR,0,0,0,0.0,0.0,NO,,20
22567,Cade Johnson,SEA,WR,0,0,0,0.0,0.0,IND,2,15
22589,Austin Watkins Jr.,SF,WR,0,0,0,0.0,0.0,DET,,2
22599,Jhamon Ausbon,PHI,WR,0,0,0,0.0,0.0,ATL,,12
22606,Whop Philyor,MIN,WR,0,0,0,0.0,0.0,CIN,12,1
22607,Sage Surratt,DET,WR,0,0,0,0.0,0.0,SF,,30
22610,T.J. Vasher,DAL,WR,0,0,0,0.0,0.0,TB,,21
22621,Osirus Mitchell,DAL,WR,0,0,0,0.0,0.0,TB,,21
22623,Rashod Bateman,BAL,WR,1,1,1,0.0,0.0,LV,,14
22625,Rico Bussey,PIT,WR,0,0,0,0.0,0.0,BUF,,29
22630,Antonio Nunn,ATL,WR,0,0,0,0.0,0.0,PHI,,18
22631,Blake Proehl,MIN,WR,1,1,1,0.0,0.0,CIN,,1
22634,Myron Mitchell,MIN,WR,0,0,0,0.0,0.0,CIN,12,1
22636,Josh Imatorbhebhe,JAX,WR,0,0,0,0.0,0.0,HOU,,9
22637,Brandon Smith,DAL,WR,0,0,0,0.0,0.0,TB,,21
22638,Dillon Stoner,LV,WR,1,1,0,0.0,0.0,BAL,,31
22641,Devontres Dukes,DEN,WR,0,0,0,0.0,0.0,NYG,,27
22643,Branden Mack,DEN,WR,0,0,0,0.0,0.0,NYG,,27
22644,D.J. Turner,LV,WR,0,0,0,0.0,0.0,BAL,,31
22646,Jeremiah Haydel,LAR,WR,0,0,0,0.0,0.0,CHI,,8
22655,Javon McKinley,DET,WR,0,0,0,0.0,0.0,SF,,30
22681,Connor Wedington,SEA,WR,0,0,0,0.0,0.0,IND,2,15
22682,Khalil McClain,MIA,WR,0,0,0,0.0,0.0,NE,,22
22702,Kai Locksley,MIA,WR,0,0,0,0.0,0.0,NE,,22
22892,Tim Jones,JAX,WR,0,0,0,0.0,0.0,HOU,,9
22912,Mathew Sexton,PIT,WR,0,0,0,0.0,0.0,BUF,,29
22916,Darece Roberson,SEA,WR,0,0,0,0.0,0.0,IND,,15
22973,Austin Trammell,ATL,WR,0,0,0,0.0,0.0,PHI,,18
22991,Landen Akers,LAR,WR,0,0,0,0.0,0.0,CHI,,8
23013,Damon Hazelton,GB,WR,0,0,0,0.0,0.0,NO,,20
23090,C.J. Saunders,CAR,WR,0,0,0,0.0,0.0,NYJ,,3
23096,Travis Toivonen,SEA,WR,0,0,0,0.0,0.0,IND,,15
23099,Michael Bandy,LAC,WR,0,0,0,0.0,0.0,WAS,,16
14688,Justin Tucker,BAL,K,1,1,1,2.4,2.4,LV,,13
19073,Harrison Butker,KC,K,1,1,1,2.4,2.4,CLE,,28
8750,Ryan Succop,TB,K,1,1,1,2.3,2.3,DAL,,31
22108,Tyler Bass,BUF,K,1,1,1,2.3,2.3,PIT,,29
1410,Robbie Gould,SF,K,1,1,1,2.2,2.2,DET,,24
19565,Younghoe Koo,ATL,K,1,1,1,2.2,2.2,PHI,,8
20033,Jason Sanders,MIA,K,1,1,1,2.2,2.2,NE,,27
17215,Jason Myers,SEA,K,1,1,1,2.2,2.2,IND,2,14
22112,Rodrigo Blankenship,IND,K,1,1,1,2.2,2.2,SEA,5,32
549,Matt Prater,ARI,K,1,1,1,2.2,2.2,TEN,,3
20769,Matt Gay,LAR,K,1,1,1,2.1,2.1,CHI,,26
1694,Mason Crosby,GB,K,1,1,1,2.1,2.1,NO,,21
19989,Daniel Carlson,LV,K,1,1,1,2.1,2.1,BAL,,30
14996,Brandon McManus,DEN,K,1,1,1,2.1,2.1,NYG,,22
16191,Chris Boswell,PIT,K,1,1,1,2.1,2.1,BUF,,1
21519,Joey Slye,CAR,K,1,1,1,2.1,2.1,NYJ,,11
16301,Cairo Santos,CHI,K,1,1,1,2.0,2.0,LAR,,10
14867,Dustin Hopkins,WAS,K,1,1,1,2.0,2.0,LAC,,23
10333,Graham Gano,NYG,K,1,1,1,2.0,2.0,DEN,,16
17139,Josh Lambo,JAX,K,1,1,1,2.0,2.0,HOU,,2
19041,Jake Elliott,PHI,K,1,1,1,1.9,1.9,ATL,,15
20325,Greg Joseph,MIN,K,1,1,1,1.9,1.9,CIN,12,18
20144,Michael Badgley,LAC,K,1,1,1,1.9,1.9,WAS,,19
18215,Ka'imi Fairbairn,HOU,K,1,1,1,1.9,1.9,JAX,,20
11694,Nick Folk,NE,K,1,1,1,1.8,1.8,MIA,,25
22908,Evan McPherson,CIN,K,1,1,1,1.8,1.8,MIN,,6
13961,Randy Bullock,DET,K,1,1,1,1.7,1.7,SF,,9
22703,Matt Ammendola,NYJ,K,1,1,0,1.7,1.7,CAR,,7
18478,Wil Lutz,NO,K,1,1,1,1.6,1.6,GB,,17
18735,Sam Ficken,TEN,K,1,1,1,1.6,1.6,ARI,,12
22425,Tucker McCann,TEN,K,1,1,1,1.4,1.4,ARI,,12
23080,Quinn Nordin,NE,K,1,1,0,1.3,1.3,MIA,,25
21114,Austin Seibert,CIN,K,1,1,1,1.2,1.2,MIN,,6
19079,Zane Gonzalez,DET,K,1,1,0,0.7,0.7,SF,,9
20149,Eddy Piñeiro,IND,K,1,1,0,0.4,0.4,SEA,5,32
21542,Chase McLaughlin,CLE,K,1,1,1,0.3,0.3,KC,,5
22717,Jose Borregales,TB,K,1,1,1,0.1,0.1,DAL,,31
14697,Greg Zuerlein,DAL,K,1,1,1,0.1,0.1,TB,,4
16236,Cody Parkey,CLE,K,1,1,1,0.1,0.1,KC,,5
20717,Tristan Vizcaino,LAC,K,1,1,0,0.0,0.0,WAS,,19
22115,J.J. Molson,GB,K,0,0,0,0.0,0.0,NO,,21
22122,Lirim Hajrullahu,DAL,K,0,0,0,0.0,0.0,TB,,4
22863,Riley Patterson,MIN,K,1,1,1,0.0,0.0,CIN,,18
23086,Brian Johnson,CHI,K,0,0,0,0.0,0.0,LAR,,10
23093,Jake Verity,BAL,K,0,0,0,0.0,0.0,LV,,13
